patch_id,filename,plot_id,agbd_mgha,carbon_mgha,canopy_cover,ndvi_mean,texture,agb_kg
Forest_1,Forest_1.jpg,plot_000,158.9596,74.711,1.0,0.3002,0.0146,6358.38
Forest_2,Forest_2.jpg,plot_000,160.2934,75.3379,1.0,0.3621,0.0122,6411.74
Forest_3,Forest_3.jpg,plot_000,162.0548,76.1657,1.0,0.3554,0.0102,6482.19
Forest_4,Forest_4.jpg,plot_000,155.8763,73.2619,0.9519,0.2961,0.013,6235.05
Forest_10,Forest_10.jpg,plot_000,153.9057,72.3357,1.0,0.2623,0.0148,6156.23
Forest_11,Forest_11.jpg,plot_000,155.1522,72.9215,1.0,0.2842,0.0139,6206.09
Forest_12,Forest_12.jpg,plot_000,166.5857,78.2953,1.0,0.3677,0.0119,6663.43
Forest_13,Forest_13.jpg,plot_000,158.5786,74.532,0.9907,0.2985,0.0144,6343.14
Forest_14,Forest_14.jpg,plot_000,158.1251,74.3188,1.0,0.3436,0.0131,6325.0
Forest_15,Forest_15.jpg,plot_000,161.933,76.1085,0.9995,0.3195,0.0206,6477.32
Forest_26,Forest_26.jpg,plot_002,167.0242,78.5014,1.0,0.3595,0.0171,6680.97
Forest_27,Forest_27.jpg,plot_002,155.4084,73.042,0.9636,0.3132,0.0252,6216.34
Forest_28,Forest_28.jpg,plot_002,161.6261,75.9643,1.0,0.372,0.012,6465.04
Forest_29,Forest_29.jpg,plot_002,156.2815,73.4523,1.0,0.3661,0.0131,6251.26
Forest_30,Forest_30.jpg,plot_002,152.2762,71.5698,0.9939,0.2782,0.0114,6091.05
Forest_31,Forest_31.jpg,plot_002,157.0609,73.8186,1.0,0.3054,0.0111,6282.44
Forest_32,Forest_32.jpg,plot_002,149.1498,70.1004,0.9966,0.2701,0.0083,5965.99
Forest_33,Forest_33.jpg,plot_002,159.6762,75.0478,1.0,0.3233,0.013,6387.05
Forest_34,Forest_34.jpg,plot_002,157.3477,73.9534,1.0,0.361,0.0075,6293.91
Forest_35,Forest_35.jpg,plot_002,157.9858,74.2533,1.0,0.3217,0.0159,6319.43
Forest_36,Forest_36.jpg,plot_003,158.5022,74.496,1.0,0.3361,0.0183,6340.09
Forest_37,Forest_37.jpg,plot_003,169.2204,79.5336,0.9998,0.3763,0.0161,6768.82
Forest_38,Forest_38.jpg,plot_003,159.2867,74.8648,1.0,0.3435,0.0115,6371.47
Forest_39,Forest_39.jpg,plot_003,157.3112,73.9363,0.999,0.3483,0.0171,6292.45
Forest_40,Forest_40.jpg,plot_003,164.8412,77.4754,1.0,0.3515,0.0194,6593.65
Forest_41,Forest_41.jpg,plot_003,152.0074,71.4435,0.9961,0.2828,0.0174,6080.3
Forest_42,Forest_42.jpg,plot_003,165.047,77.5721,1.0,0.4214,0.0106,6601.88
Forest_43,Forest_43.jpg,plot_003,150.6767,70.818,0.9885,0.3284,0.014,6027.07
Forest_44,Forest_44.jpg,plot_003,153.7097,72.2436,0.9883,0.3442,0.0132,6148.39
Forest_45,Forest_45.jpg,plot_003,158.0533,74.285,0.9995,0.296,0.0165,6322.13
Forest_46,Forest_46.jpg,plot_004,160.862,75.6052,1.0,0.3158,0.0146,6434.48
Forest_47,Forest_47.jpg,plot_004,160.2277,75.307,1.0,0.3268,0.0169,6409.11
Forest_48,Forest_48.jpg,plot_004,161.1395,75.7356,1.0,0.3611,0.0154,6445.58
Forest_49,Forest_49.jpg,plot_004,152.6443,71.7428,0.9597,0.2845,0.025,6105.77
Forest_100,Forest_100.jpg,plot_004,156.3256,73.473,0.9951,0.3234,0.0274,6253.02
Forest_101,Forest_101.jpg,plot_004,160.2001,75.2941,0.968,0.3921,0.0272,6408.0
Forest_102,Forest_102.jpg,plot_004,157.4988,74.0244,1.0,0.3425,0.0109,6299.95
Forest_103,Forest_103.jpg,plot_004,161.0392,75.6884,0.9995,0.298,0.0158,6441.57
Forest_104,Forest_104.jpg,plot_004,160.9809,75.661,1.0,0.3595,0.0091,6439.24
Forest_105,Forest_105.jpg,plot_004,156.6657,73.6329,0.9995,0.3526,0.0227,6266.63
Forest_106,Forest_106.jpg,plot_005,163.8798,77.0235,1.0,0.366,0.0187,6555.19
Forest_107,Forest_107.jpg,plot_005,154.0215,72.3901,0.97,0.3108,0.0193,6160.86
Forest_108,Forest_108.jpg,plot_005,160.9233,75.634,0.9976,0.3708,0.0206,6436.93
Forest_109,Forest_109.jpg,plot_005,161.8592,76.0738,1.0,0.3496,0.0114,6474.37
Forest_110,Forest_110.jpg,plot_005,160.6977,75.5279,0.9993,0.3027,0.0138,6427.91
Forest_111,Forest_111.jpg,plot_005,160.7434,75.5494,0.9844,0.3233,0.0172,6429.74
Forest_112,Forest_112.jpg,plot_005,159.4136,74.9244,1.0,0.3675,0.0168,6376.54
Forest_113,Forest_113.jpg,plot_005,161.24,75.7828,0.9998,0.3735,0.0153,6449.6
Forest_114,Forest_114.jpg,plot_005,157.4281,73.9912,0.9968,0.3186,0.0076,6297.12
Forest_115,Forest_115.jpg,plot_005,156.0208,73.3298,0.9778,0.2726,0.0146,6240.83
Forest_116,Forest_116.jpg,plot_006,161.2696,75.7967,1.0,0.3832,0.015,6450.78
Forest_117,Forest_117.jpg,plot_006,159.3204,74.8806,1.0,0.3446,0.0136,6372.82
Forest_118,Forest_118.jpg,plot_006,156.5532,73.58,1.0,0.3477,0.0146,6262.13
Forest_119,Forest_119.jpg,plot_006,154.5467,72.6369,1.0,0.3241,0.0142,6181.87
Forest_120,Forest_120.jpg,plot_006,162.5044,76.3771,1.0,0.3595,0.0087,6500.18
Forest_121,Forest_121.jpg,plot_006,158.8033,74.6376,0.9758,0.3176,0.0094,6352.13
Forest_122,Forest_122.jpg,plot_006,153.931,72.3476,0.9478,0.3155,0.0246,6157.24
Forest_123,Forest_123.jpg,plot_006,165.7632,77.9087,1.0,0.3367,0.0244,6630.53
Forest_124,Forest_124.jpg,plot_006,159.8497,75.1293,0.9905,0.3228,0.0186,6393.99
Forest_125,Forest_125.jpg,plot_006,155.0768,72.8861,1.0,0.3095,0.0126,6203.07
Forest_136,Forest_136.jpg,plot_008,158.6956,74.5869,0.9795,0.3293,0.0257,6347.82
Forest_137,Forest_137.jpg,plot_008,160.6173,75.4901,1.0,0.3411,0.0122,6424.69
Forest_138,Forest_138.jpg,plot_008,164.4905,77.3105,1.0,0.3479,0.0103,6579.62
Forest_139,Forest_139.jpg,plot_008,152.969,71.8954,0.9998,0.2757,0.0116,6118.76
Forest_140,Forest_140.jpg,plot_008,156.6222,73.6124,0.9998,0.357,0.0086,6264.89
Forest_141,Forest_141.jpg,plot_008,156.1299,73.381,0.9988,0.3128,0.0144,6245.2
Forest_142,Forest_142.jpg,plot_008,164.5086,77.319,1.0,0.3737,0.0113,6580.34
Forest_143,Forest_143.jpg,plot_008,161.0294,75.6838,0.9888,0.3486,0.0176,6441.18
Forest_144,Forest_144.jpg,plot_008,160.7035,75.5307,1.0,0.3656,0.018,6428.14
Forest_145,Forest_145.jpg,plot_008,163.8483,77.0087,1.0,0.3749,0.0138,6553.93
Forest_146,Forest_146.jpg,plot_009,161.4345,75.8742,1.0,0.3522,0.0159,6457.38
Forest_147,Forest_147.jpg,plot_009,157.3129,73.9371,0.9956,0.2732,0.0109,6292.52
Forest_148,Forest_148.jpg,plot_009,158.9751,74.7183,1.0,0.3574,0.0159,6359.0
Forest_149,Forest_149.jpg,plot_009,156.2191,73.423,0.9949,0.3031,0.0169,6248.76
Forest_150,Forest_150.jpg,plot_009,159.4511,74.942,0.9995,0.3402,0.0183,6378.04
Forest_151,Forest_151.jpg,plot_009,160.9406,75.6421,0.9998,0.3806,0.0274,6437.62
Forest_152,Forest_152.jpg,plot_009,163.0774,76.6464,1.0,0.3595,0.0177,6523.1
Forest_153,Forest_153.jpg,plot_009,156.3341,73.477,1.0,0.2839,0.0118,6253.36
Forest_154,Forest_154.jpg,plot_009,159.5288,74.9785,0.9966,0.3154,0.0211,6381.15
Forest_155,Forest_155.jpg,plot_009,157.2341,73.9,1.0,0.3085,0.0156,6289.36
Forest_156,Forest_156.jpg,plot_010,151.3704,71.1441,0.9985,0.2939,0.0134,6054.82
Forest_157,Forest_157.jpg,plot_010,153.8599,72.3142,1.0,0.2903,0.0098,6154.4
Forest_158,Forest_158.jpg,plot_010,159.1879,74.8183,1.0,0.3587,0.0116,6367.52
Forest_159,Forest_159.jpg,plot_010,162.0125,76.1459,0.9985,0.3689,0.0264,6480.5
Forest_160,Forest_160.jpg,plot_010,153.4146,72.1049,0.9993,0.2647,0.0116,6136.58
Forest_161,Forest_161.jpg,plot_010,156.405,73.5104,0.9978,0.2823,0.0116,6256.2
Forest_162,Forest_162.jpg,plot_010,169.0584,79.4575,1.0,0.3496,0.0218,6762.34
Forest_163,Forest_163.jpg,plot_010,158.387,74.4419,0.9963,0.3005,0.0184,6335.48
Forest_164,Forest_164.jpg,plot_010,164.4236,77.2791,0.9993,0.3603,0.0234,6576.94
Forest_165,Forest_165.jpg,plot_010,156.3506,73.4848,1.0,0.2979,0.0128,6254.02
Forest_166,Forest_166.jpg,plot_011,154.7653,72.7397,0.9922,0.3489,0.022,6190.61
Forest_167,Forest_167.jpg,plot_011,159.5614,74.9938,1.0,0.3454,0.0122,6382.46
Forest_168,Forest_168.jpg,plot_011,159.5569,74.9917,1.0,0.3415,0.0121,6382.28
Forest_169,Forest_169.jpg,plot_011,158.902,74.6839,0.9558,0.292,0.011,6356.08
Forest_170,Forest_170.jpg,plot_011,156.9227,73.7537,0.9744,0.3515,0.0151,6276.91
Forest_171,Forest_171.jpg,plot_011,161.1241,75.7283,1.0,0.3503,0.0126,6444.96
Forest_172,Forest_172.jpg,plot_011,158.3486,74.4238,0.9976,0.3142,0.0169,6333.94
Forest_173,Forest_173.jpg,plot_011,157.185,73.877,1.0,0.3656,0.0132,6287.4
Forest_174,Forest_174.jpg,plot_011,158.7532,74.614,0.9988,0.2522,0.0182,6350.13
Forest_175,Forest_175.jpg,plot_011,160.0913,75.2429,0.9897,0.3346,0.0115,6403.65
Forest_176,Forest_176.jpg,plot_012,164.201,77.1745,0.9917,0.3362,0.0254,6568.04
Forest_177,Forest_177.jpg,plot_012,157.6457,74.0935,1.0,0.334,0.0196,6305.83
Forest_178,Forest_178.jpg,plot_012,163.2777,76.7405,0.998,0.3212,0.0145,6531.11
Forest_179,Forest_179.jpg,plot_012,146.9892,69.0849,0.9497,0.3002,0.0185,5879.57
Forest_180,Forest_180.jpg,plot_012,162.6295,76.4359,1.0,0.3565,0.0129,6505.18
Forest_181,Forest_181.jpg,plot_012,169.1091,79.4813,0.9949,0.3394,0.0231,6764.36
Forest_182,Forest_182.jpg,plot_012,157.9595,74.241,1.0,0.3504,0.0177,6318.38
Forest_183,Forest_183.jpg,plot_012,164.9292,77.5167,1.0,0.4079,0.0235,6597.17
Forest_184,Forest_184.jpg,plot_012,154.7719,72.7428,0.9741,0.2948,0.0178,6190.88
Forest_185,Forest_185.jpg,plot_012,158.5264,74.5074,0.9988,0.36,0.0115,6341.06
Forest_186,Forest_186.jpg,plot_013,150.3822,70.6797,1.0,0.2888,0.0121,6015.29
Forest_187,Forest_187.jpg,plot_013,156.7191,73.658,1.0,0.2943,0.0132,6268.76
Forest_188,Forest_188.jpg,plot_013,155.6384,73.1501,1.0,0.3519,0.0094,6225.54
Forest_189,Forest_189.jpg,plot_013,160.8253,75.5879,1.0,0.3295,0.0145,6433.01
Forest_190,Forest_190.jpg,plot_013,155.3494,73.0142,0.9941,0.3175,0.0181,6213.98
Forest_191,Forest_191.jpg,plot_013,162.0755,76.1755,0.9978,0.2991,0.0137,6483.02
Forest_192,Forest_192.jpg,plot_013,154.3301,72.5352,1.0,0.2922,0.0161,6173.2
Forest_193,Forest_193.jpg,plot_013,162.3995,76.3278,0.9932,0.3723,0.0233,6495.98
Forest_194,Forest_194.jpg,plot_013,164.1339,77.143,1.0,0.3472,0.018,6565.36
Forest_195,Forest_195.jpg,plot_013,156.5021,73.556,0.9993,0.3562,0.0142,6260.08
Forest_196,Forest_196.jpg,plot_014,160.5354,75.4516,0.9905,0.3532,0.0151,6421.42
Forest_197,Forest_197.jpg,plot_014,167.7821,78.8576,0.9797,0.3782,0.027,6711.28
Forest_198,Forest_198.jpg,plot_014,162.8434,76.5364,0.9995,0.436,0.0223,6513.74
Forest_199,Forest_199.jpg,plot_014,159.6102,75.0168,1.0,0.3393,0.0111,6384.41
Forest_200,Forest_200.jpg,plot_014,158.2954,74.3988,1.0,0.3151,0.0113,6331.82
Forest_201,Forest_201.jpg,plot_014,162.3817,76.3194,0.9932,0.3328,0.0187,6495.27
Forest_202,Forest_202.jpg,plot_014,155.3091,72.9953,0.9907,0.333,0.0199,6212.36
Forest_203,Forest_203.jpg,plot_014,150.3483,70.6637,0.9995,0.275,0.0126,6013.93
Forest_204,Forest_204.jpg,plot_014,159.541,74.9843,0.9995,0.3029,0.016,6381.64
Forest_205,Forest_205.jpg,plot_014,157.4721,74.0119,1.0,0.3016,0.0111,6298.88
Forest_216,Forest_216.jpg,plot_016,155.6003,73.1321,0.9966,0.3316,0.015,6224.01
Forest_217,Forest_217.jpg,plot_016,165.12,77.6064,1.0,0.3779,0.0142,6604.8
Forest_218,Forest_218.jpg,plot_016,163.3956,76.7959,1.0,0.3491,0.0101,6535.82
Forest_219,Forest_219.jpg,plot_016,152.9017,71.8638,0.9971,0.2849,0.0144,6116.07
Forest_220,Forest_220.jpg,plot_016,157.6216,74.0821,0.9976,0.2824,0.0088,6304.86
Forest_221,Forest_221.jpg,plot_016,160.8414,75.5954,1.0,0.325,0.0165,6433.66
Forest_222,Forest_222.jpg,plot_016,163.1405,76.6761,0.998,0.3478,0.0149,6525.62
Forest_223,Forest_223.jpg,plot_016,163.0904,76.6525,0.9944,0.3108,0.0115,6523.62
Forest_224,Forest_224.jpg,plot_016,132.2921,62.1773,0.8518,0.2174,0.0139,5291.68
Forest_225,Forest_225.jpg,plot_016,153.2565,72.0306,0.9985,0.2876,0.0134,6130.26
Forest_226,Forest_226.jpg,plot_017,153.517,72.153,0.9521,0.3446,0.0242,6140.68
Forest_227,Forest_227.jpg,plot_017,153.2187,72.0128,0.9932,0.3055,0.012,6128.75
Forest_228,Forest_228.jpg,plot_017,157.5308,74.0395,1.0,0.3276,0.0097,6301.23
Forest_229,Forest_229.jpg,plot_017,164.8045,77.4581,1.0,0.3618,0.023,6592.18
Forest_230,Forest_230.jpg,plot_017,160.5994,75.4817,1.0,0.3201,0.0187,6423.98
Forest_231,Forest_231.jpg,plot_017,155.6344,73.1482,0.9993,0.2607,0.0077,6225.38
Forest_232,Forest_232.jpg,plot_017,164.5578,77.3422,1.0,0.3993,0.0168,6582.31
Forest_233,Forest_233.jpg,plot_017,166.7616,78.378,1.0,0.3495,0.0188,6670.46
Forest_234,Forest_234.jpg,plot_017,158.6629,74.5716,1.0,0.3307,0.0157,6346.52
Forest_235,Forest_235.jpg,plot_017,168.9938,79.4271,1.0,0.3429,0.0122,6759.75
Forest_246,Forest_246.jpg,plot_019,157.7306,74.1334,1.0,0.3151,0.0187,6309.22
Forest_247,Forest_247.jpg,plot_019,161.1366,75.7342,1.0,0.3248,0.0117,6445.46
Forest_248,Forest_248.jpg,plot_019,158.5756,74.5305,1.0,0.3209,0.0115,6343.02
Forest_249,Forest_249.jpg,plot_019,154.9796,72.8404,0.9949,0.3462,0.0133,6199.18
Forest_250,Forest_250.jpg,plot_019,97.9334,46.0287,0.5574,0.2047,0.0177,3917.34
Forest_251,Forest_251.jpg,plot_019,162.9709,76.5963,1.0,0.364,0.0149,6518.84
Forest_252,Forest_252.jpg,plot_019,155.0949,72.8946,1.0,0.3229,0.0124,6203.8
Forest_253,Forest_253.jpg,plot_019,158.0074,74.2635,1.0,0.2886,0.0186,6320.3
Forest_254,Forest_254.jpg,plot_019,159.1012,74.7775,1.0,0.3247,0.0147,6364.05
Forest_255,Forest_255.jpg,plot_019,153.9949,72.3776,1.0,0.3092,0.0152,6159.8
Forest_256,Forest_256.jpg,plot_020,157.2301,73.8981,0.9998,0.2694,0.018,6289.2
Forest_257,Forest_257.jpg,plot_020,163.9737,77.0676,0.9998,0.3489,0.0204,6558.95
Forest_258,Forest_258.jpg,plot_020,159.2156,74.8313,1.0,0.3009,0.0074,6368.62
Forest_259,Forest_259.jpg,plot_020,163.356,76.7773,0.9858,0.3385,0.0209,6534.24
Forest_260,Forest_260.jpg,plot_020,151.4889,71.1998,1.0,0.2894,0.0139,6059.56
Forest_261,Forest_261.jpg,plot_020,156.6759,73.6377,0.9944,0.3415,0.0171,6267.04
Forest_262,Forest_262.jpg,plot_020,162.2841,76.2735,1.0,0.3535,0.0133,6491.36
Forest_263,Forest_263.jpg,plot_020,162.8651,76.5466,1.0,0.3686,0.0117,6514.6
Forest_264,Forest_264.jpg,plot_020,160.4602,75.4163,0.9985,0.3089,0.0186,6418.41
Forest_265,Forest_265.jpg,plot_020,176.2382,82.8319,1.0,0.3706,0.0175,7049.53
Forest_266,Forest_266.jpg,plot_021,164.1085,77.131,1.0,0.3602,0.0177,6564.34
Forest_267,Forest_267.jpg,plot_021,158.5343,74.5111,0.9795,0.3132,0.0108,6341.37
Forest_268,Forest_268.jpg,plot_021,157.6101,74.0768,0.999,0.2742,0.0103,6304.4
Forest_269,Forest_269.jpg,plot_021,158.4398,74.4667,1.0,0.2852,0.0144,6337.59
Forest_270,Forest_270.jpg,plot_021,157.9257,74.2251,1.0,0.3342,0.0127,6317.03
Forest_271,Forest_271.jpg,plot_021,160.288,75.3354,1.0,0.3239,0.01,6411.52
Forest_272,Forest_272.jpg,plot_021,154.5972,72.6607,1.0,0.3007,0.0148,6183.89
Forest_273,Forest_273.jpg,plot_021,158.183,74.346,0.9924,0.3314,0.017,6327.32
Forest_274,Forest_274.jpg,plot_021,156.3116,73.4664,1.0,0.3135,0.0141,6252.46
Forest_275,Forest_275.jpg,plot_021,157.8447,74.187,0.9937,0.3311,0.0109,6313.79
Forest_276,Forest_276.jpg,plot_022,167.6033,78.7736,1.0,0.3513,0.0101,6704.13
Forest_277,Forest_277.jpg,plot_022,155.3667,73.0224,1.0,0.3662,0.0154,6214.67
Forest_278,Forest_278.jpg,plot_022,162.4978,76.374,1.0,0.357,0.0109,6499.91
Forest_279,Forest_279.jpg,plot_022,157.6746,74.107,0.9858,0.336,0.0357,6306.98
Forest_280,Forest_280.jpg,plot_022,152.9799,71.9006,0.9873,0.2591,0.0217,6119.2
Forest_281,Forest_281.jpg,plot_022,160.7994,75.5757,0.9961,0.3203,0.0103,6431.98
Forest_282,Forest_282.jpg,plot_022,163.073,76.6443,1.0,0.3878,0.0135,6522.92
Forest_283,Forest_283.jpg,plot_022,155.5799,73.1225,1.0,0.3402,0.0124,6223.2
Forest_284,Forest_284.jpg,plot_022,158.9927,74.7266,1.0,0.3778,0.0109,6359.71
Forest_285,Forest_285.jpg,plot_022,160.2088,75.2981,1.0,0.3221,0.0112,6408.35
Forest_286,Forest_286.jpg,plot_023,157.5482,74.0477,1.0,0.326,0.019,6301.93
Forest_287,Forest_287.jpg,plot_023,161.4118,75.8636,1.0,0.3496,0.015,6456.47
Forest_288,Forest_288.jpg,plot_023,158.4599,74.4761,0.9805,0.314,0.0248,6338.4
Forest_289,Forest_289.jpg,plot_023,155.2688,72.9763,1.0,0.3077,0.0139,6210.75
Forest_290,Forest_290.jpg,plot_023,171.0132,80.3762,0.9995,0.3686,0.0211,6840.53
Forest_291,Forest_291.jpg,plot_023,158.392,74.4442,0.9854,0.2959,0.0188,6335.68
Forest_292,Forest_292.jpg,plot_023,151.9995,71.4398,1.0,0.3365,0.0124,6079.98
Forest_293,Forest_293.jpg,plot_023,160.733,75.5445,1.0,0.3473,0.0134,6429.32
Forest_294,Forest_294.jpg,plot_023,153.96,72.3612,0.9978,0.2854,0.0159,6158.4
Forest_295,Forest_295.jpg,plot_023,158.3566,74.4276,1.0,0.2731,0.0145,6334.26
Forest_296,Forest_296.jpg,plot_024,156.4586,73.5355,1.0,0.3349,0.0133,6258.34
Forest_297,Forest_297.jpg,plot_024,156.8477,73.7184,1.0,0.3189,0.0098,6273.91
Forest_298,Forest_298.jpg,plot_024,159.0,74.73,1.0,0.3028,0.0139,6360.0
Forest_299,Forest_299.jpg,plot_024,172.9515,81.2872,0.9929,0.4195,0.035,6918.06
Forest_300,Forest_300.jpg,plot_024,155.1075,72.9005,1.0,0.3248,0.0162,6204.3
Forest_301,Forest_301.jpg,plot_024,156.9147,73.7499,1.0,0.3149,0.0141,6276.59
Forest_302,Forest_302.jpg,plot_024,163.3659,76.782,0.969,0.4005,0.0333,6534.64
Forest_303,Forest_303.jpg,plot_024,152.3273,71.5938,0.9951,0.2669,0.0156,6093.09
Forest_304,Forest_304.jpg,plot_024,163.0108,76.6151,0.9746,0.3079,0.0236,6520.43
Forest_305,Forest_305.jpg,plot_024,157.8059,74.1688,0.9622,0.2991,0.0306,6312.24
Forest_306,Forest_306.jpg,plot_025,156.4792,73.5452,1.0,0.3536,0.0148,6259.17
Forest_307,Forest_307.jpg,plot_025,162.1833,76.2262,1.0,0.3435,0.0101,6487.33
Forest_308,Forest_308.jpg,plot_025,170.172,79.9808,0.9958,0.3526,0.0241,6806.88
Forest_309,Forest_309.jpg,plot_025,165.6326,77.8473,1.0,0.3638,0.0165,6625.3
Forest_310,Forest_310.jpg,plot_025,150.6652,70.8127,1.0,0.291,0.0122,6026.61
Forest_311,Forest_311.jpg,plot_025,155.3683,73.0231,1.0,0.2874,0.0173,6214.73
Forest_312,Forest_312.jpg,plot_025,161.252,75.7884,0.9939,0.2991,0.0163,6450.08
Forest_313,Forest_313.jpg,plot_025,159.4595,74.9459,1.0,0.3646,0.016,6378.38
Forest_314,Forest_314.jpg,plot_025,156.1236,73.3781,1.0,0.2822,0.0089,6244.94
Forest_315,Forest_315.jpg,plot_025,159.0283,74.7433,1.0,0.3011,0.0108,6361.13
Forest_316,Forest_316.jpg,plot_026,157.076,73.8257,1.0,0.3603,0.011,6283.04
Forest_317,Forest_317.jpg,plot_026,156.3138,73.4675,0.9988,0.312,0.0094,6252.55
Forest_318,Forest_318.jpg,plot_026,155.1269,72.9096,0.999,0.3476,0.0381,6205.08
Forest_319,Forest_319.jpg,plot_026,154.9867,72.8438,0.9993,0.3296,0.0125,6199.47
Forest_320,Forest_320.jpg,plot_026,157.8443,74.1868,1.0,0.3384,0.0105,6313.77
Forest_321,Forest_321.jpg,plot_026,156.3467,73.4829,1.0,0.3524,0.0145,6253.87
Forest_322,Forest_322.jpg,plot_026,162.4676,76.3598,1.0,0.2977,0.0134,6498.7
Forest_323,Forest_323.jpg,plot_026,155.3785,73.0279,1.0,0.3608,0.0111,6215.14
Forest_324,Forest_324.jpg,plot_026,159.5592,74.9928,1.0,0.3575,0.0146,6382.37
Forest_325,Forest_325.jpg,plot_026,158.4946,74.4925,0.9717,0.3543,0.0174,6339.78
Forest_336,Forest_336.jpg,plot_028,161.9071,76.0963,1.0,0.3548,0.0168,6476.28
Forest_337,Forest_337.jpg,plot_028,163.7249,76.9507,1.0,0.343,0.0195,6549.0
Forest_338,Forest_338.jpg,plot_028,165.4316,77.7528,0.9998,0.3281,0.0177,6617.26
Forest_339,Forest_339.jpg,plot_028,152.3521,71.6055,0.998,0.3047,0.0122,6094.08
Forest_340,Forest_340.jpg,plot_028,168.641,79.2613,0.9995,0.3647,0.0133,6745.64
Forest_341,Forest_341.jpg,plot_028,148.2804,69.6918,0.9912,0.2923,0.0127,5931.22
Forest_342,Forest_342.jpg,plot_028,153.2503,72.0276,1.0,0.2703,0.0089,6130.01
Forest_343,Forest_343.jpg,plot_028,159.9159,75.1605,1.0,0.3193,0.0121,6396.64
Forest_344,Forest_344.jpg,plot_028,161.0859,75.7104,0.9968,0.3279,0.02,6443.44
Forest_345,Forest_345.jpg,plot_028,160.0656,75.2308,1.0,0.3471,0.0216,6402.62
Forest_346,Forest_346.jpg,plot_029,157.2273,73.8968,1.0,0.302,0.017,6289.09
Forest_347,Forest_347.jpg,plot_029,158.5813,74.5332,1.0,0.364,0.01,6343.25
Forest_348,Forest_348.jpg,plot_029,154.0335,72.3957,1.0,0.3031,0.0094,6161.34
Forest_349,Forest_349.jpg,plot_029,164.8748,77.4912,1.0,0.3732,0.0136,6594.99
Forest_350,Forest_350.jpg,plot_029,159.2434,74.8444,0.9944,0.3048,0.0191,6369.74
Forest_351,Forest_351.jpg,plot_029,155.4496,73.0613,0.9961,0.3112,0.0161,6217.98
Forest_352,Forest_352.jpg,plot_029,171.7911,80.7418,1.0,0.4733,0.0135,6871.64
Forest_353,Forest_353.jpg,plot_029,161.0783,75.7068,0.9939,0.3471,0.016,6443.13
Forest_354,Forest_354.jpg,plot_029,159.5534,74.9901,0.9983,0.3193,0.0085,6382.14
Forest_355,Forest_355.jpg,plot_029,162.4777,76.3645,1.0,0.3479,0.0139,6499.11
Forest_356,Forest_356.jpg,plot_030,157.9369,74.2304,1.0,0.3569,0.0138,6317.48
Forest_357,Forest_357.jpg,plot_030,157.7101,74.1238,1.0,0.3539,0.0101,6308.4
Forest_358,Forest_358.jpg,plot_030,163.0008,76.6104,1.0,0.3506,0.0137,6520.03
Forest_359,Forest_359.jpg,plot_030,161.312,75.8166,0.9961,0.3058,0.0226,6452.48
Forest_360,Forest_360.jpg,plot_030,162.3094,76.2854,1.0,0.3508,0.0212,6492.38
Forest_361,Forest_361.jpg,plot_030,160.4334,75.4037,1.0,0.3561,0.0109,6417.34
Forest_362,Forest_362.jpg,plot_030,164.2649,77.2045,1.0,0.3082,0.0225,6570.6
Forest_363,Forest_363.jpg,plot_030,153.0278,71.9231,1.0,0.2987,0.0067,6121.11
Forest_364,Forest_364.jpg,plot_030,157.1849,73.8769,0.9795,0.3165,0.0127,6287.4
Forest_365,Forest_365.jpg,plot_030,156.3803,73.4987,1.0,0.3182,0.0094,6255.21
Forest_366,Forest_366.jpg,plot_031,161.1198,75.7263,1.0,0.386,0.0103,6444.79
Forest_367,Forest_367.jpg,plot_031,163.7924,76.9824,0.9976,0.3235,0.0202,6551.7
Forest_368,Forest_368.jpg,plot_031,160.9866,75.6637,0.9995,0.3152,0.0143,6439.46
Forest_369,Forest_369.jpg,plot_031,162.6903,76.4644,1.0,0.349,0.012,6507.61
Forest_370,Forest_370.jpg,plot_031,163.8958,77.031,1.0,0.3391,0.0126,6555.83
Forest_371,Forest_371.jpg,plot_031,156.3349,73.4774,1.0,0.3135,0.0074,6253.4
Forest_372,Forest_372.jpg,plot_031,159.8492,75.1291,0.9937,0.3075,0.0167,6393.97
Forest_373,Forest_373.jpg,plot_031,159.1926,74.8205,0.9973,0.3377,0.0179,6367.7
Forest_374,Forest_374.jpg,plot_031,158.256,74.3803,1.0,0.2836,0.0186,6330.24
Forest_375,Forest_375.jpg,plot_031,156.2953,73.4588,1.0,0.306,0.0112,6251.81
Forest_376,Forest_376.jpg,plot_032,157.8786,74.203,1.0,0.3174,0.0113,6315.14
Forest_377,Forest_377.jpg,plot_032,165.0333,77.5656,1.0,0.3843,0.0147,6601.33
Forest_378,Forest_378.jpg,plot_032,152.5349,71.6914,0.999,0.2784,0.0137,6101.4
Forest_379,Forest_379.jpg,plot_032,169.0014,79.4307,1.0,0.3537,0.0178,6760.06
Forest_380,Forest_380.jpg,plot_032,152.6426,71.742,0.9978,0.3046,0.0104,6105.7
Forest_381,Forest_381.jpg,plot_032,153.591,72.1878,0.9529,0.3324,0.032,6143.64
Forest_382,Forest_382.jpg,plot_032,165.5584,77.8125,1.0,0.3727,0.0123,6622.34
Forest_383,Forest_383.jpg,plot_032,163.127,76.6697,1.0,0.3346,0.0177,6525.08
Forest_384,Forest_384.jpg,plot_032,147.1255,69.149,0.9128,0.2583,0.0206,5885.02
Forest_385,Forest_385.jpg,plot_032,154.6507,72.6858,0.9495,0.2699,0.0294,6186.03
Forest_396,Forest_396.jpg,plot_034,154.2781,72.5107,1.0,0.289,0.0173,6171.12
Forest_397,Forest_397.jpg,plot_034,163.3808,76.789,0.9978,0.3658,0.0189,6535.23
Forest_398,Forest_398.jpg,plot_034,162.9847,76.6028,1.0,0.371,0.015,6519.39
Forest_399,Forest_399.jpg,plot_034,154.4379,72.5858,0.988,0.298,0.0171,6177.52
Forest_400,Forest_400.jpg,plot_034,159.9093,75.1574,0.999,0.3233,0.0257,6396.37
Forest_401,Forest_401.jpg,plot_034,162.6746,76.4571,1.0,0.36,0.0169,6506.98
Forest_402,Forest_402.jpg,plot_034,155.32,73.0004,1.0,0.3514,0.0135,6212.8
Forest_403,Forest_403.jpg,plot_034,155.221,72.9539,0.9998,0.3359,0.0167,6208.84
Forest_404,Forest_404.jpg,plot_034,151.4576,71.1851,0.9773,0.2776,0.019,6058.3
Forest_405,Forest_405.jpg,plot_034,156.4899,73.5502,0.9817,0.3283,0.0162,6259.6
Forest_406,Forest_406.jpg,plot_035,163.1459,76.6786,1.0,0.3503,0.0201,6525.84
Forest_407,Forest_407.jpg,plot_035,155.3606,73.0195,0.9719,0.2565,0.0122,6214.42
Forest_408,Forest_408.jpg,plot_035,163.3179,76.7594,1.0,0.3671,0.0092,6532.72
Forest_409,Forest_409.jpg,plot_035,159.5343,74.9811,1.0,0.3446,0.0141,6381.37
Forest_410,Forest_410.jpg,plot_035,158.7109,74.5941,1.0,0.3471,0.0085,6348.44
Forest_411,Forest_411.jpg,plot_035,155.7836,73.2183,1.0,0.342,0.0117,6231.34
Forest_412,Forest_412.jpg,plot_035,161.041,75.6893,1.0,0.3383,0.0196,6441.64
Forest_413,Forest_413.jpg,plot_035,155.8308,73.2405,0.9905,0.3163,0.0135,6233.23
Forest_414,Forest_414.jpg,plot_035,160.7315,75.5438,0.9998,0.3397,0.0136,6429.26
Forest_415,Forest_415.jpg,plot_035,159.9151,75.1601,1.0,0.3722,0.0173,6396.6
Forest_456,Forest_456.jpg,plot_040,153.4916,72.141,1.0,0.3208,0.0163,6139.66
Forest_457,Forest_457.jpg,plot_040,151.8224,71.3565,0.9805,0.2927,0.0132,6072.9
Forest_458,Forest_458.jpg,plot_040,162.3611,76.3097,1.0,0.3445,0.0227,6494.44
Forest_459,Forest_459.jpg,plot_040,161.994,76.1372,1.0,0.382,0.0111,6479.76
Forest_460,Forest_460.jpg,plot_040,153.9806,72.3709,0.9966,0.2646,0.0192,6159.22
Forest_461,Forest_461.jpg,plot_040,162.8332,76.5316,1.0,0.3537,0.0139,6513.33
Forest_462,Forest_462.jpg,plot_040,157.9138,74.2195,0.9998,0.3629,0.0154,6316.55
Forest_463,Forest_463.jpg,plot_040,159.3551,74.8969,0.9973,0.3151,0.0222,6374.2
Forest_464,Forest_464.jpg,plot_040,159.86,75.1342,1.0,0.3371,0.0135,6394.4
Forest_465,Forest_465.jpg,plot_040,159.9326,75.1683,0.9963,0.3244,0.0136,6397.3
Forest_466,Forest_466.jpg,plot_041,164.3257,77.2331,0.9995,0.3689,0.0147,6573.03
Forest_467,Forest_467.jpg,plot_041,154.6616,72.6909,0.9978,0.3058,0.0195,6186.46
Forest_468,Forest_468.jpg,plot_041,156.5649,73.5855,1.0,0.3708,0.0144,6262.6
Forest_469,Forest_469.jpg,plot_041,163.86,77.0142,0.9768,0.3675,0.0166,6554.4
Forest_470,Forest_470.jpg,plot_041,152.0209,71.4498,0.9717,0.2585,0.0145,6080.84
Forest_471,Forest_471.jpg,plot_041,156.9402,73.7619,0.9995,0.344,0.0125,6277.61
Forest_472,Forest_472.jpg,plot_041,158.6839,74.5814,0.9939,0.2596,0.0127,6347.36
Forest_473,Forest_473.jpg,plot_041,163.8746,77.0211,0.9856,0.3746,0.0261,6554.98
Forest_474,Forest_474.jpg,plot_041,160.9507,75.6468,1.0,0.2995,0.0132,6438.03
Forest_475,Forest_475.jpg,plot_041,156.1158,73.3744,0.9968,0.2848,0.0149,6244.63
Forest_486,Forest_486.jpg,plot_043,81.3989,38.2575,0.4631,0.1951,0.0174,3255.96
Forest_487,Forest_487.jpg,plot_043,153.9194,72.3421,0.9985,0.35,0.0171,6156.78
Forest_488,Forest_488.jpg,plot_043,159.3538,74.8963,0.9927,0.3465,0.0179,6374.15
Forest_489,Forest_489.jpg,plot_043,165.0026,77.5512,0.9895,0.3736,0.0208,6600.1
Forest_490,Forest_490.jpg,plot_043,166.7789,78.3861,0.9822,0.3626,0.0235,6671.16
Forest_491,Forest_491.jpg,plot_043,154.6776,72.6985,0.9832,0.2722,0.0193,6187.1
Forest_492,Forest_492.jpg,plot_043,164.396,77.2661,1.0,0.3109,0.0175,6575.84
Forest_493,Forest_493.jpg,plot_043,157.3707,73.9642,0.9973,0.3491,0.0222,6294.83
Forest_494,Forest_494.jpg,plot_043,154.72,72.7184,1.0,0.3569,0.0132,6188.8
Forest_495,Forest_495.jpg,plot_043,158.9032,74.6845,1.0,0.3464,0.0099,6356.13
Forest_496,Forest_496.jpg,plot_044,160.8283,75.5893,0.9973,0.344,0.0132,6433.13
Forest_497,Forest_497.jpg,plot_044,161.5203,75.9145,0.999,0.3431,0.0208,6460.81
Forest_498,Forest_498.jpg,plot_044,152.7244,71.7805,0.999,0.3337,0.0169,6108.98
Forest_1000,Forest_1000.jpg,plot_044,159.8038,75.1078,1.0,0.3472,0.0135,6392.15
Forest_1001,Forest_1001.jpg,plot_044,154.6527,72.6868,0.9963,0.332,0.0158,6186.11
Forest_1002,Forest_1002.jpg,plot_044,164.6076,77.3656,1.0,0.3798,0.0133,6584.3
Forest_1003,Forest_1003.jpg,plot_044,164.3055,77.2236,0.9973,0.3596,0.0226,6572.22
Forest_1004,Forest_1004.jpg,plot_044,153.8066,72.2891,1.0,0.3115,0.0111,6152.26
Forest_1005,Forest_1005.jpg,plot_044,159.6928,75.0556,0.9976,0.3578,0.0172,6387.71
Forest_1006,Forest_1006.jpg,plot_044,168.5187,79.2038,0.9919,0.4113,0.0461,6740.75
Forest_1007,Forest_1007.jpg,plot_045,157.9436,74.2335,1.0,0.2975,0.019,6317.74
Forest_1008,Forest_1008.jpg,plot_045,164.5549,77.3408,1.0,0.3587,0.0147,6582.2
Forest_1009,Forest_1009.jpg,plot_045,159.8182,75.1146,0.9983,0.3656,0.0215,6392.73
Forest_1010,Forest_1010.jpg,plot_045,159.0752,74.7653,1.0,0.3214,0.0094,6363.01
Forest_1011,Forest_1011.jpg,plot_045,156.9151,73.7501,1.0,0.3199,0.0154,6276.6
Forest_1012,Forest_1012.jpg,plot_045,159.3557,74.8972,0.9993,0.3446,0.0222,6374.23
Forest_1013,Forest_1013.jpg,plot_045,154.576,72.6507,1.0,0.2757,0.0121,6183.04
Forest_1014,Forest_1014.jpg,plot_045,157.8096,74.1705,0.9988,0.3557,0.0169,6312.38
Forest_1015,Forest_1015.jpg,plot_045,158.8687,74.6683,0.9995,0.331,0.0206,6354.75
Forest_1016,Forest_1016.jpg,plot_045,151.091,71.0128,0.9761,0.3171,0.0143,6043.64
Forest_1037,Forest_1037.jpg,plot_048,156.939,73.7613,1.0,0.3246,0.0089,6277.56
Forest_1038,Forest_1038.jpg,plot_048,159.8533,75.1311,1.0,0.3686,0.0197,6394.13
Forest_1039,Forest_1039.jpg,plot_048,151.9016,71.3938,0.9978,0.295,0.0182,6076.06
Forest_1040,Forest_1040.jpg,plot_048,149.001,70.0305,0.9626,0.2558,0.0093,5960.04
Forest_1041,Forest_1041.jpg,plot_048,154.0827,72.4189,1.0,0.2922,0.0148,6163.31
Forest_1042,Forest_1042.jpg,plot_048,158.8131,74.6421,0.9988,0.3423,0.0294,6352.52
Forest_1043,Forest_1043.jpg,plot_048,156.7329,73.6645,1.0,0.3374,0.0118,6269.32
Forest_1044,Forest_1044.jpg,plot_048,155.1156,72.9043,1.0,0.3278,0.0139,6204.62
Forest_1045,Forest_1045.jpg,plot_048,168.8746,79.371,1.0,0.3641,0.02,6754.98
Forest_1046,Forest_1046.jpg,plot_048,162.2633,76.2637,1.0,0.3324,0.0137,6490.53
Forest_1047,Forest_1047.jpg,plot_049,158.5381,74.5129,1.0,0.3275,0.0127,6341.52
Forest_1048,Forest_1048.jpg,plot_049,171.7582,80.7264,0.9812,0.4046,0.0321,6870.33
Forest_1049,Forest_1049.jpg,plot_049,162.8015,76.5167,0.9795,0.3374,0.0355,6512.06
Forest_1050,Forest_1050.jpg,plot_049,159.3385,74.8891,1.0,0.3671,0.0169,6373.54
Forest_1051,Forest_1051.jpg,plot_049,160.6589,75.5097,1.0,0.2864,0.0108,6426.36
Forest_1052,Forest_1052.jpg,plot_049,157.6406,74.0911,1.0,0.2974,0.0096,6305.62
Forest_1053,Forest_1053.jpg,plot_049,154.5028,72.6163,0.999,0.3191,0.0136,6180.11
Forest_1054,Forest_1054.jpg,plot_049,159.691,75.0548,1.0,0.3419,0.0158,6387.64
Forest_1055,Forest_1055.jpg,plot_049,156.2812,73.4522,1.0,0.338,0.013,6251.25
Forest_1056,Forest_1056.jpg,plot_049,160.4682,75.4201,0.9897,0.3584,0.0353,6418.73
Forest_1057,Forest_1057.jpg,plot_050,164.5055,77.3176,1.0,0.3419,0.0192,6580.22
Forest_1058,Forest_1058.jpg,plot_050,168.0625,78.9894,0.9983,0.3598,0.0159,6722.5
Forest_1059,Forest_1059.jpg,plot_050,154.7294,72.7228,1.0,0.3274,0.0168,6189.18
Forest_1060,Forest_1060.jpg,plot_050,160.8433,75.5963,0.9995,0.3467,0.0092,6433.73
Forest_1061,Forest_1061.jpg,plot_050,155.4437,73.0585,1.0,0.323,0.0106,6217.75
Forest_1062,Forest_1062.jpg,plot_050,153.9467,72.3549,0.9978,0.305,0.0083,6157.87
Forest_1063,Forest_1063.jpg,plot_050,159.9649,75.1835,1.0,0.3619,0.017,6398.6
Forest_1064,Forest_1064.jpg,plot_050,152.875,71.8513,1.0,0.2929,0.0113,6115.0
Forest_1065,Forest_1065.jpg,plot_050,158.1417,74.3266,0.9934,0.3232,0.0147,6325.67
Forest_1066,Forest_1066.jpg,plot_050,150.5879,70.7763,1.0,0.2555,0.0117,6023.52
Forest_1067,Forest_1067.jpg,plot_051,168.178,79.0436,0.9961,0.414,0.0249,6727.12
Forest_1068,Forest_1068.jpg,plot_051,159.623,75.0228,1.0,0.3381,0.0147,6384.92
Forest_1069,Forest_1069.jpg,plot_051,159.7957,75.104,0.9993,0.3501,0.0151,6391.83
Forest_1070,Forest_1070.jpg,plot_051,156.2095,73.4184,1.0,0.3434,0.0117,6248.38
Forest_1071,Forest_1071.jpg,plot_051,158.1593,74.3349,1.0,0.3487,0.0134,6326.37
Forest_1072,Forest_1072.jpg,plot_051,158.7492,74.6121,1.0,0.2891,0.0131,6349.97
Forest_1073,Forest_1073.jpg,plot_051,162.3116,76.2864,1.0,0.3546,0.0133,6492.46
Forest_1074,Forest_1074.jpg,plot_051,155.3933,73.0348,1.0,0.3362,0.0114,6215.73
Forest_1075,Forest_1075.jpg,plot_051,163.479,76.8351,1.0,0.3757,0.0176,6539.16
Forest_1076,Forest_1076.jpg,plot_051,162.3862,76.3215,0.9988,0.3142,0.0213,6495.45
Forest_1077,Forest_1077.jpg,plot_052,153.1639,71.987,1.0,0.3375,0.0118,6126.56
Forest_1078,Forest_1078.jpg,plot_052,158.9646,74.7134,0.9902,0.3146,0.0149,6358.58
Forest_1079,Forest_1079.jpg,plot_052,156.4462,73.5297,0.9954,0.3493,0.01,6257.85
Forest_1080,Forest_1080.jpg,plot_052,160.065,75.2306,1.0,0.3311,0.0098,6402.6
Forest_1081,Forest_1081.jpg,plot_052,156.617,73.61,0.9966,0.3183,0.0195,6264.68
Forest_1082,Forest_1082.jpg,plot_052,127.5348,59.9414,0.8657,0.2153,0.0098,5101.39
Forest_1083,Forest_1083.jpg,plot_052,149.8675,70.4377,1.0,0.2853,0.012,5994.7
Forest_1084,Forest_1084.jpg,plot_052,160.1456,75.2685,1.0,0.3366,0.0157,6405.82
Forest_1085,Forest_1085.jpg,plot_052,156.112,73.3726,1.0,0.2732,0.0138,6244.48
Forest_1086,Forest_1086.jpg,plot_052,152.304,71.5829,0.9976,0.279,0.0145,6092.16
Forest_1087,Forest_1087.jpg,plot_053,166.6735,78.3365,0.9875,0.3759,0.0285,6666.94
Forest_1088,Forest_1088.jpg,plot_053,149.2685,70.1562,1.0,0.2881,0.0094,5970.74
Forest_1089,Forest_1089.jpg,plot_053,161.1672,75.7486,1.0,0.3471,0.0184,6446.69
Forest_1090,Forest_1090.jpg,plot_053,161.5845,75.9447,0.9954,0.3891,0.0265,6463.38
Forest_1091,Forest_1091.jpg,plot_053,158.4949,74.4926,1.0,0.3473,0.016,6339.8
Forest_1092,Forest_1092.jpg,plot_053,156.6486,73.6248,0.999,0.2909,0.0146,6265.94
Forest_1093,Forest_1093.jpg,plot_053,150.8163,70.8837,0.9998,0.2643,0.0108,6032.65
Forest_1094,Forest_1094.jpg,plot_053,156.1413,73.3864,1.0,0.3186,0.0108,6245.65
Forest_1095,Forest_1095.jpg,plot_053,162.7894,76.511,0.9971,0.3277,0.0167,6511.58
Forest_1096,Forest_1096.jpg,plot_053,158.5522,74.5195,1.0,0.3493,0.0147,6342.09
Forest_1097,Forest_1097.jpg,plot_054,159.3265,74.8834,1.0,0.308,0.0094,6373.06
Forest_1098,Forest_1098.jpg,plot_054,155.4671,73.0695,0.9956,0.316,0.0211,6218.68
Forest_1099,Forest_1099.jpg,plot_054,160.8524,75.6006,1.0,0.3534,0.0077,6434.1
Forest_1100,Forest_1100.jpg,plot_054,164.4786,77.305,0.999,0.3452,0.0119,6579.14
Forest_1101,Forest_1101.jpg,plot_054,89.017,41.838,0.5884,0.1732,0.0084,3560.68
Forest_1102,Forest_1102.jpg,plot_054,161.0794,75.7073,1.0,0.3623,0.0238,6443.18
Forest_1103,Forest_1103.jpg,plot_054,80.386,37.7814,0.4197,0.1705,0.012,3215.44
Forest_1104,Forest_1104.jpg,plot_054,153.6589,72.2197,0.9966,0.2828,0.0096,6146.36
Forest_1105,Forest_1105.jpg,plot_054,161.4483,75.8807,0.9966,0.3479,0.0151,6457.93
Forest_1106,Forest_1106.jpg,plot_054,157.6402,74.0909,0.9995,0.3414,0.0139,6305.61
Forest_1117,Forest_1117.jpg,plot_056,161.412,75.8637,1.0,0.3676,0.0094,6456.48
Forest_1118,Forest_1118.jpg,plot_056,166.7802,78.3867,1.0,0.3499,0.0106,6671.21
Forest_1119,Forest_1119.jpg,plot_056,164.3125,77.2269,0.9993,0.3527,0.0168,6572.5
Forest_1120,Forest_1120.jpg,plot_056,153.7842,72.2786,1.0,0.2983,0.0061,6151.37
Forest_1121,Forest_1121.jpg,plot_056,164.0998,77.1269,1.0,0.352,0.0115,6563.99
Forest_1122,Forest_1122.jpg,plot_056,159.2576,74.8511,1.0,0.3597,0.0125,6370.3
Forest_1123,Forest_1123.jpg,plot_056,150.3267,70.6536,1.0,0.3219,0.0099,6013.07
Forest_1124,Forest_1124.jpg,plot_056,153.1547,71.9827,1.0,0.2992,0.0127,6126.19
Forest_1125,Forest_1125.jpg,plot_056,153.0202,71.9195,0.9956,0.3452,0.0141,6120.81
Forest_1126,Forest_1126.jpg,plot_056,159.1976,74.8229,1.0,0.3629,0.0107,6367.9
Forest_1137,Forest_1137.jpg,plot_058,161.1169,75.725,1.0,0.344,0.0136,6444.68
Forest_1138,Forest_1138.jpg,plot_058,155.1548,72.9228,0.9998,0.3191,0.0074,6206.19
Forest_1139,Forest_1139.jpg,plot_058,163.3449,76.7721,1.0,0.3518,0.0162,6533.8
Forest_1140,Forest_1140.jpg,plot_058,168.5364,79.2121,0.9978,0.3553,0.0143,6741.46
Forest_1141,Forest_1141.jpg,plot_058,155.4885,73.0796,0.9929,0.2962,0.0098,6219.54
Forest_1142,Forest_1142.jpg,plot_058,159.7983,75.1052,0.9998,0.3496,0.0085,6391.93
Forest_1143,Forest_1143.jpg,plot_058,159.5605,74.9935,0.9988,0.3667,0.0131,6382.42
Forest_1144,Forest_1144.jpg,plot_058,153.45,72.1215,0.9995,0.3054,0.0104,6138.0
Forest_1145,Forest_1145.jpg,plot_058,159.307,74.8743,0.9968,0.3055,0.0115,6372.28
Forest_1146,Forest_1146.jpg,plot_058,157.9608,74.2416,0.9971,0.3447,0.0188,6318.43
Forest_1147,Forest_1147.jpg,plot_059,161.7404,76.018,1.0,0.362,0.0149,6469.62
Forest_1148,Forest_1148.jpg,plot_059,154.4562,72.5944,0.9761,0.315,0.0181,6178.25
Forest_1149,Forest_1149.jpg,plot_059,164.3681,77.253,0.9968,0.3675,0.0196,6574.72
Forest_1150,Forest_1150.jpg,plot_059,162.2216,76.2441,1.0,0.3692,0.0115,6488.86
Forest_1151,Forest_1151.jpg,plot_059,162.2288,76.2475,1.0,0.3112,0.017,6489.15
Forest_1152,Forest_1152.jpg,plot_059,159.7462,75.0807,0.9998,0.3449,0.0196,6389.85
Forest_1153,Forest_1153.jpg,plot_059,153.9648,72.3634,1.0,0.2915,0.0078,6158.59
Forest_1154,Forest_1154.jpg,plot_059,148.4154,69.7553,0.9626,0.2917,0.014,5936.62
Forest_1155,Forest_1155.jpg,plot_059,157.3854,73.9711,1.0,0.3128,0.0179,6295.42
Forest_1156,Forest_1156.jpg,plot_059,156.7528,73.6738,0.9993,0.3032,0.0072,6270.11
Forest_1187,Forest_1187.jpg,plot_063,153.1851,71.997,1.0,0.3338,0.0131,6127.4
Forest_1188,Forest_1188.jpg,plot_063,157.7104,74.1239,0.9912,0.2514,0.0126,6308.42
Forest_1189,Forest_1189.jpg,plot_063,161.089,75.7118,1.0,0.3696,0.0136,6443.56
Forest_1190,Forest_1190.jpg,plot_063,152.7123,71.7748,0.9895,0.2703,0.0158,6108.49
Forest_1191,Forest_1191.jpg,plot_063,153.812,72.2916,1.0,0.3161,0.0109,6152.48
Forest_1192,Forest_1192.jpg,plot_063,149.728,70.3722,0.9983,0.2934,0.0106,5989.12
Forest_1193,Forest_1193.jpg,plot_063,164.5809,77.353,1.0,0.3669,0.0145,6583.24
Forest_1194,Forest_1194.jpg,plot_063,155.1,72.897,1.0,0.2935,0.0071,6204.0
Forest_1195,Forest_1195.jpg,plot_063,151.8889,71.3878,1.0,0.2955,0.0126,6075.56
Forest_1196,Forest_1196.jpg,plot_063,154.7893,72.751,1.0,0.346,0.0108,6191.57
Forest_1207,Forest_1207.jpg,plot_065,163.3051,76.7534,0.9946,0.3139,0.0121,6532.2
Forest_1208,Forest_1208.jpg,plot_065,162.0313,76.1547,0.9648,0.3606,0.0192,6481.25
Forest_1209,Forest_1209.jpg,plot_065,159.8274,75.1189,0.99,0.3407,0.0225,6393.1
Forest_1210,Forest_1210.jpg,plot_065,150.5644,70.7653,0.9358,0.3504,0.0221,6022.58
Forest_1211,Forest_1211.jpg,plot_065,170.9653,80.3537,1.0,0.3657,0.0158,6838.61
Forest_1212,Forest_1212.jpg,plot_065,154.6468,72.684,1.0,0.2725,0.011,6185.87
Forest_1213,Forest_1213.jpg,plot_065,159.0823,74.7687,0.9868,0.3492,0.0152,6363.29
Forest_1214,Forest_1214.jpg,plot_065,159.686,75.0524,1.0,0.3581,0.0094,6387.44
Forest_1215,Forest_1215.jpg,plot_065,158.5917,74.5381,1.0,0.3154,0.0132,6343.67
Forest_1216,Forest_1216.jpg,plot_065,160.0285,75.2134,1.0,0.3396,0.0171,6401.14
Forest_1217,Forest_1217.jpg,plot_066,153.9243,72.3444,0.9817,0.3121,0.0154,6156.97
Forest_1218,Forest_1218.jpg,plot_066,166.9644,78.4733,0.9998,0.4202,0.0277,6678.58
Forest_1219,Forest_1219.jpg,plot_066,159.9987,75.1994,0.9797,0.3658,0.0184,6399.95
Forest_1220,Forest_1220.jpg,plot_066,156.599,73.6015,1.0,0.3347,0.0106,6263.96
Forest_1221,Forest_1221.jpg,plot_066,161.4233,75.8689,0.9983,0.3766,0.0211,6456.93
Forest_1222,Forest_1222.jpg,plot_066,158.8923,74.6794,0.998,0.3033,0.0198,6355.69
Forest_1223,Forest_1223.jpg,plot_066,157.6268,74.0846,1.0,0.3326,0.0112,6305.07
Forest_1224,Forest_1224.jpg,plot_066,166.8161,78.4036,1.0,0.3576,0.0163,6672.64
Forest_1225,Forest_1225.jpg,plot_066,141.0411,66.2893,0.9927,0.2377,0.0074,5641.64
Forest_1226,Forest_1226.jpg,plot_066,164.4032,77.2695,0.9897,0.328,0.0253,6576.13
Forest_1227,Forest_1227.jpg,plot_067,165.2614,77.6728,1.0,0.3517,0.0154,6610.46
Forest_1228,Forest_1228.jpg,plot_067,154.9136,72.8094,1.0,0.358,0.0185,6196.54
Forest_1229,Forest_1229.jpg,plot_067,130.8943,61.5203,0.825,0.2303,0.0206,5235.77
Forest_1230,Forest_1230.jpg,plot_067,155.02,72.8594,1.0,0.3016,0.0107,6200.8
Forest_1231,Forest_1231.jpg,plot_067,154.9768,72.8391,0.9956,0.3413,0.0163,6199.07
Forest_1232,Forest_1232.jpg,plot_067,158.6542,74.5675,0.9834,0.3272,0.0318,6346.17
Forest_1233,Forest_1233.jpg,plot_067,152.377,71.6172,1.0,0.2902,0.0135,6095.08
Forest_1234,Forest_1234.jpg,plot_067,166.3148,78.168,1.0,0.3572,0.0112,6652.59
Forest_1235,Forest_1235.jpg,plot_067,163.4688,76.8303,0.9998,0.3464,0.0141,6538.75
Forest_1236,Forest_1236.jpg,plot_067,173.8275,81.6989,0.9905,0.3939,0.0409,6953.1
Forest_1247,Forest_1247.jpg,plot_069,153.4287,72.1115,0.9753,0.2672,0.0258,6137.15
Forest_1248,Forest_1248.jpg,plot_069,161.3208,75.8208,1.0,0.2994,0.0149,6452.83
Forest_1249,Forest_1249.jpg,plot_069,158.189,74.3489,0.9978,0.381,0.013,6327.56
Forest_1250,Forest_1250.jpg,plot_069,159.55,74.9885,0.9993,0.2878,0.0189,6382.0
Forest_1251,Forest_1251.jpg,plot_069,156.7273,73.6618,0.9666,0.3416,0.01,6269.09
Forest_1252,Forest_1252.jpg,plot_069,160.6271,75.4948,0.9998,0.3431,0.0208,6425.08
Forest_1253,Forest_1253.jpg,plot_069,157.9385,74.2311,0.968,0.3705,0.0101,6317.54
Forest_1254,Forest_1254.jpg,plot_069,157.0165,73.7978,1.0,0.3727,0.0119,6280.66
Forest_1255,Forest_1255.jpg,plot_069,159.887,75.1469,1.0,0.3031,0.0116,6395.48
Forest_1256,Forest_1256.jpg,plot_069,161.0262,75.6823,0.9929,0.3423,0.0241,6441.05
Forest_1257,Forest_1257.jpg,plot_070,159.3532,74.896,0.9983,0.3656,0.0137,6374.13
Forest_1258,Forest_1258.jpg,plot_070,165.7309,77.8935,0.998,0.3704,0.0159,6629.24
Forest_1259,Forest_1259.jpg,plot_070,158.8232,74.6469,1.0,0.3593,0.0149,6352.93
Forest_1260,Forest_1260.jpg,plot_070,93.5591,43.9728,0.543,0.2406,0.0217,3742.36
Forest_1261,Forest_1261.jpg,plot_070,150.8476,70.8984,1.0,0.2976,0.0117,6033.9
Forest_1262,Forest_1262.jpg,plot_070,157.3405,73.95,1.0,0.2884,0.0098,6293.62
Forest_1263,Forest_1263.jpg,plot_070,155.8293,73.2398,1.0,0.3615,0.0106,6233.17
Forest_1264,Forest_1264.jpg,plot_070,157.3851,73.971,0.9402,0.326,0.0136,6295.4
Forest_1265,Forest_1265.jpg,plot_070,152.7098,71.7736,1.0,0.3518,0.0119,6108.39
Forest_1266,Forest_1266.jpg,plot_070,169.4613,79.6468,0.9998,0.3782,0.0186,6778.45
Forest_1267,Forest_1267.jpg,plot_071,166.8251,78.4078,1.0,0.443,0.0117,6673.0
Forest_1268,Forest_1268.jpg,plot_071,157.8701,74.1989,0.9968,0.3059,0.0185,6314.8
Forest_1269,Forest_1269.jpg,plot_071,157.3664,73.9622,1.0,0.3414,0.0118,6294.66
Forest_1270,Forest_1270.jpg,plot_071,163.8576,77.0131,1.0,0.367,0.0173,6554.3
Forest_1271,Forest_1271.jpg,plot_071,160.8127,75.582,1.0,0.3497,0.016,6432.51
Forest_1272,Forest_1272.jpg,plot_071,155.0815,72.8883,0.9854,0.2571,0.0095,6203.26
Forest_1273,Forest_1273.jpg,plot_071,156.3943,73.5053,0.989,0.2989,0.0155,6255.77
Forest_1274,Forest_1274.jpg,plot_071,155.4553,73.064,1.0,0.2973,0.0064,6218.21
Forest_1275,Forest_1275.jpg,plot_071,159.7629,75.0886,1.0,0.3657,0.0123,6390.52
Forest_1276,Forest_1276.jpg,plot_071,160.1615,75.2759,1.0,0.3501,0.0137,6406.46
Forest_1287,Forest_1287.jpg,plot_073,162.5849,76.4149,0.9998,0.3635,0.0162,6503.4
Forest_1288,Forest_1288.jpg,plot_073,153.2647,72.0344,1.0,0.3108,0.0097,6130.59
Forest_1289,Forest_1289.jpg,plot_073,148.3937,69.745,0.896,0.3295,0.0177,5935.75
Forest_1290,Forest_1290.jpg,plot_073,150.7004,70.8292,1.0,0.3135,0.0089,6028.02
Forest_1291,Forest_1291.jpg,plot_073,160.1776,75.2835,0.9922,0.2864,0.0196,6407.1
Forest_1292,Forest_1292.jpg,plot_073,154.4733,72.6024,0.9614,0.2484,0.0307,6178.93
Forest_1293,Forest_1293.jpg,plot_073,162.2231,76.2448,0.9961,0.3596,0.0168,6488.92
Forest_1294,Forest_1294.jpg,plot_073,158.1837,74.3464,1.0,0.2768,0.011,6327.35
Forest_1295,Forest_1295.jpg,plot_073,163.0677,76.6418,0.9998,0.2972,0.0155,6522.71
Forest_1296,Forest_1296.jpg,plot_073,160.0346,75.2163,1.0,0.2951,0.013,6401.38
Forest_1307,Forest_1307.jpg,plot_075,157.9291,74.2267,0.9961,0.3455,0.0198,6317.16
Forest_1308,Forest_1308.jpg,plot_075,155.0004,72.8502,1.0,0.3415,0.0135,6200.02
Forest_1309,Forest_1309.jpg,plot_075,145.9761,68.6088,0.9399,0.2772,0.0196,5839.04
Forest_1310,Forest_1310.jpg,plot_075,164.763,77.4386,0.9993,0.3548,0.0156,6590.52
Forest_1311,Forest_1311.jpg,plot_075,154.468,72.6,1.0,0.3015,0.0165,6178.72
Forest_1312,Forest_1312.jpg,plot_075,166.5135,78.2614,0.9995,0.3035,0.0143,6660.54
Forest_1313,Forest_1313.jpg,plot_075,161.2029,75.7654,1.0,0.3361,0.0139,6448.12
Forest_1314,Forest_1314.jpg,plot_075,160.6619,75.5111,0.9958,0.3524,0.0138,6426.48
Forest_1315,Forest_1315.jpg,plot_075,157.0993,73.8367,1.0,0.3559,0.0113,6283.97
Forest_1316,Forest_1316.jpg,plot_075,164.0745,77.115,1.0,0.3757,0.012,6562.98
Forest_1327,Forest_1327.jpg,plot_077,163.3956,76.7959,1.0,0.3647,0.0121,6535.82
Forest_1328,Forest_1328.jpg,plot_077,158.6426,74.562,1.0,0.3577,0.0127,6345.7
Forest_1329,Forest_1329.jpg,plot_077,160.2215,75.3041,0.9998,0.3152,0.0138,6408.86
Forest_1330,Forest_1330.jpg,plot_077,163.9897,77.0751,1.0,0.3539,0.0136,6559.59
Forest_1331,Forest_1331.jpg,plot_077,158.7265,74.6015,1.0,0.2901,0.0146,6349.06
Forest_1332,Forest_1332.jpg,plot_077,152.6889,71.7638,0.9951,0.2986,0.0211,6107.56
Forest_1333,Forest_1333.jpg,plot_077,156.139,73.3853,0.9841,0.3309,0.0199,6245.56
Forest_1334,Forest_1334.jpg,plot_077,153.9613,72.3618,1.0,0.2729,0.0124,6158.45
Forest_1335,Forest_1335.jpg,plot_077,158.2426,74.374,1.0,0.3312,0.0115,6329.7
Forest_1336,Forest_1336.jpg,plot_077,165.559,77.8127,0.9927,0.3763,0.0219,6622.36
Forest_1347,Forest_1347.jpg,plot_079,169.5949,79.7096,1.0,0.4295,0.0224,6783.8
Forest_1348,Forest_1348.jpg,plot_079,158.2557,74.3802,1.0,0.3022,0.0153,6330.23
Forest_1349,Forest_1349.jpg,plot_079,165.017,77.558,0.9731,0.3998,0.0278,6600.68
Forest_1350,Forest_1350.jpg,plot_079,154.0691,72.4125,1.0,0.3194,0.0147,6162.76
Forest_1351,Forest_1351.jpg,plot_079,153.7176,72.2473,1.0,0.3126,0.0124,6148.7
Forest_1352,Forest_1352.jpg,plot_079,163.335,76.7675,0.9993,0.3287,0.0169,6533.4
Forest_1353,Forest_1353.jpg,plot_079,159.9498,75.1764,1.0,0.3562,0.0111,6397.99
Forest_1354,Forest_1354.jpg,plot_079,158.7209,74.5988,0.959,0.3164,0.0272,6348.84
Forest_1355,Forest_1355.jpg,plot_079,162.4057,76.3307,1.0,0.3553,0.0197,6496.23
Forest_1356,Forest_1356.jpg,plot_079,156.8922,73.7393,0.9922,0.2946,0.0182,6275.69
Forest_1357,Forest_1357.jpg,plot_080,144.8686,68.0883,0.8967,0.2576,0.0149,5794.74
Forest_1358,Forest_1358.jpg,plot_080,156.0677,73.3518,1.0,0.3253,0.0106,6242.71
Forest_1359,Forest_1359.jpg,plot_080,161.6068,75.9552,1.0,0.3567,0.0155,6464.27
Forest_1360,Forest_1360.jpg,plot_080,159.8649,75.1365,0.9912,0.3563,0.0206,6394.6
Forest_1361,Forest_1361.jpg,plot_080,158.7002,74.5891,0.9988,0.3634,0.0104,6348.01
Forest_1362,Forest_1362.jpg,plot_080,153.805,72.2883,0.9844,0.305,0.0118,6152.2
Forest_1363,Forest_1363.jpg,plot_080,163.73,76.9531,0.9995,0.384,0.0151,6549.2
Forest_1364,Forest_1364.jpg,plot_080,154.2983,72.5202,1.0,0.295,0.0111,6171.93
Forest_1365,Forest_1365.jpg,plot_080,163.8488,77.009,0.9966,0.3396,0.0146,6553.95
Forest_1366,Forest_1366.jpg,plot_080,153.9876,72.3742,0.9958,0.3155,0.0122,6159.5
Forest_1377,Forest_1377.jpg,plot_082,159.3402,74.8899,1.0,0.3586,0.0145,6373.61
Forest_1378,Forest_1378.jpg,plot_082,159.9763,75.1889,1.0,0.2976,0.0068,6399.05
Forest_1379,Forest_1379.jpg,plot_082,170.5921,80.1783,0.9983,0.3583,0.0207,6823.68
Forest_1380,Forest_1380.jpg,plot_082,161.4282,75.8713,0.9995,0.3532,0.022,6457.13
Forest_1381,Forest_1381.jpg,plot_082,164.9537,77.5283,1.0,0.4476,0.0121,6598.15
Forest_1382,Forest_1382.jpg,plot_082,165.8778,77.9625,1.0,0.3416,0.0175,6635.11
Forest_1383,Forest_1383.jpg,plot_082,166.9472,78.4652,0.9978,0.3326,0.0234,6677.89
Forest_1384,Forest_1384.jpg,plot_082,154.5326,72.6303,0.9985,0.2998,0.012,6181.3
Forest_1385,Forest_1385.jpg,plot_082,154.8376,72.7737,0.998,0.2999,0.012,6193.5
Forest_1386,Forest_1386.jpg,plot_082,161.1841,75.7565,0.9946,0.347,0.024,6447.36
Forest_1387,Forest_1387.jpg,plot_083,146.382,68.7995,0.9822,0.2552,0.011,5855.28
Forest_1388,Forest_1388.jpg,plot_083,153.1743,71.9919,1.0,0.3022,0.0108,6126.97
Forest_1389,Forest_1389.jpg,plot_083,148.1217,69.6172,0.9407,0.2665,0.0317,5924.87
Forest_1390,Forest_1390.jpg,plot_083,158.7427,74.609,0.998,0.3511,0.0185,6349.71
Forest_1391,Forest_1391.jpg,plot_083,156.8218,73.7062,1.0,0.3102,0.0109,6272.87
Forest_1392,Forest_1392.jpg,plot_083,161.7108,76.0041,1.0,0.3455,0.0169,6468.43
Forest_1393,Forest_1393.jpg,plot_083,162.0984,76.1863,0.9954,0.2942,0.0163,6483.94
Forest_1394,Forest_1394.jpg,plot_083,154.0395,72.3986,0.998,0.3114,0.0138,6161.58
Forest_1395,Forest_1395.jpg,plot_083,162.0494,76.1632,0.9988,0.3375,0.0108,6481.98
Forest_1396,Forest_1396.jpg,plot_083,155.8246,73.2375,0.9907,0.3104,0.0139,6232.98
Forest_1407,Forest_1407.jpg,plot_085,160.5455,75.4564,0.9995,0.375,0.0165,6421.82
Forest_1408,Forest_1408.jpg,plot_085,154.9165,72.8107,0.9565,0.366,0.0171,6196.66
Forest_1409,Forest_1409.jpg,plot_085,159.7467,75.0809,1.0,0.3803,0.0121,6389.87
Forest_1410,Forest_1410.jpg,plot_085,163.7553,76.965,1.0,0.3463,0.0118,6550.21
Forest_1411,Forest_1411.jpg,plot_085,161.2395,75.7825,0.9785,0.2805,0.0269,6449.58
Forest_1412,Forest_1412.jpg,plot_085,156.8096,73.7005,0.9956,0.3315,0.0147,6272.38
Forest_1413,Forest_1413.jpg,plot_085,158.8898,74.6782,1.0,0.3761,0.0125,6355.59
Forest_1414,Forest_1414.jpg,plot_085,154.0855,72.4202,0.9399,0.3041,0.0247,6163.42
Forest_1415,Forest_1415.jpg,plot_085,153.5796,72.1824,1.0,0.2793,0.0134,6143.18
Forest_1416,Forest_1416.jpg,plot_085,160.7158,75.5364,0.9995,0.3131,0.0164,6428.63
Forest_1417,Forest_1417.jpg,plot_086,166.2867,78.1547,1.0,0.3725,0.0276,6651.47
Forest_1418,Forest_1418.jpg,plot_086,155.8487,73.2489,0.9995,0.3539,0.016,6233.95
Forest_1419,Forest_1419.jpg,plot_086,162.975,76.5982,1.0,0.2933,0.0177,6519.0
Forest_1420,Forest_1420.jpg,plot_086,164.5864,77.3556,0.9836,0.335,0.0176,6583.46
Forest_1421,Forest_1421.jpg,plot_086,154.6104,72.6669,0.9951,0.3009,0.015,6184.42
Forest_1422,Forest_1422.jpg,plot_086,154.3002,72.5211,1.0,0.2817,0.0133,6172.01
Forest_1423,Forest_1423.jpg,plot_086,162.0115,76.1454,1.0,0.3505,0.0161,6480.46
Forest_1424,Forest_1424.jpg,plot_086,163.9401,77.0518,0.999,0.3626,0.0201,6557.6
Forest_1425,Forest_1425.jpg,plot_086,164.4838,77.3074,1.0,0.3836,0.012,6579.35
Forest_1426,Forest_1426.jpg,plot_086,168.4752,79.1834,1.0,0.3595,0.0154,6739.01
Forest_1427,Forest_1427.jpg,plot_087,156.3874,73.5021,0.998,0.3044,0.0136,6255.5
Forest_1428,Forest_1428.jpg,plot_087,141.3492,66.4341,0.9294,0.2391,0.0138,5653.97
Forest_1429,Forest_1429.jpg,plot_087,154.7366,72.7262,1.0,0.3433,0.0124,6189.46
Forest_1430,Forest_1430.jpg,plot_087,149.2373,70.1415,0.9866,0.2546,0.0118,5969.49
Forest_1431,Forest_1431.jpg,plot_087,146.4111,68.8132,0.9619,0.233,0.0086,5856.44
Forest_1432,Forest_1432.jpg,plot_087,166.5874,78.2961,1.0,0.3449,0.0148,6663.5
Forest_1433,Forest_1433.jpg,plot_087,160.1372,75.2645,1.0,0.3689,0.0149,6405.49
Forest_1434,Forest_1434.jpg,plot_087,154.4835,72.6073,0.9861,0.284,0.0118,6179.34
Forest_1435,Forest_1435.jpg,plot_087,157.361,73.9597,1.0,0.3036,0.0144,6294.44
Forest_1436,Forest_1436.jpg,plot_087,159.6457,75.0335,1.0,0.2783,0.0136,6385.83
Forest_1447,Forest_1447.jpg,plot_089,160.9423,75.6429,1.0,0.3377,0.0082,6437.69
Forest_1448,Forest_1448.jpg,plot_089,162.2862,76.2745,0.998,0.3549,0.014,6491.45
Forest_1449,Forest_1449.jpg,plot_089,158.7191,74.598,0.9954,0.2787,0.0138,6348.76
Forest_1450,Forest_1450.jpg,plot_089,160.0748,75.2352,1.0,0.2914,0.0121,6402.99
Forest_1451,Forest_1451.jpg,plot_089,161.9191,76.102,0.9963,0.3084,0.0137,6476.76
Forest_1452,Forest_1452.jpg,plot_089,156.8292,73.7097,1.0,0.268,0.0126,6273.17
Forest_1453,Forest_1453.jpg,plot_089,154.4743,72.6029,1.0,0.2804,0.0113,6178.97
Forest_1454,Forest_1454.jpg,plot_089,154.9093,72.8074,1.0,0.2682,0.0119,6196.37
Forest_1455,Forest_1455.jpg,plot_089,162.5945,76.4194,0.9976,0.3239,0.014,6503.78
Forest_1456,Forest_1456.jpg,plot_089,159.8801,75.1436,0.9978,0.3312,0.0288,6395.2
Forest_1477,Forest_1477.jpg,plot_092,161.1938,75.7611,1.0,0.3255,0.0088,6447.75
Forest_1478,Forest_1478.jpg,plot_092,152.2652,71.5646,0.9919,0.3118,0.0101,6090.61
Forest_1479,Forest_1479.jpg,plot_092,155.7382,73.197,0.9973,0.2687,0.0166,6229.53
Forest_1480,Forest_1480.jpg,plot_092,155.9567,73.2997,1.0,0.3139,0.0156,6238.27
Forest_1481,Forest_1481.jpg,plot_092,159.5654,74.9958,0.9778,0.2844,0.0226,6382.62
Forest_1482,Forest_1482.jpg,plot_092,151.2502,71.0876,0.9998,0.2869,0.0157,6050.01
Forest_1483,Forest_1483.jpg,plot_092,157.8429,74.1861,1.0,0.3391,0.0144,6313.72
Forest_1484,Forest_1484.jpg,plot_092,162.5185,76.3837,0.9971,0.3733,0.0124,6500.74
Forest_1485,Forest_1485.jpg,plot_092,167.1489,78.56,1.0,0.3658,0.0147,6685.96
Forest_1486,Forest_1486.jpg,plot_092,162.7373,76.4866,0.9939,0.3556,0.0251,6509.49
Forest_1497,Forest_1497.jpg,plot_094,154.444,72.5887,0.9998,0.3073,0.0194,6177.76
Forest_1498,Forest_1498.jpg,plot_094,161.036,75.6869,1.0,0.3103,0.0149,6441.44
Forest_1499,Forest_1499.jpg,plot_094,161.5941,75.9492,1.0,0.3018,0.0223,6463.76
Forest_1500,Forest_1500.jpg,plot_094,160.8099,75.5806,1.0,0.3621,0.0137,6432.4
Forest_1501,Forest_1501.jpg,plot_094,165.6629,77.8616,1.0,0.345,0.0106,6626.52
Forest_1502,Forest_1502.jpg,plot_094,158.4303,74.4622,0.9939,0.3801,0.0158,6337.21
Forest_1503,Forest_1503.jpg,plot_094,150.3356,70.6577,1.0,0.3005,0.0085,6013.42
Forest_1504,Forest_1504.jpg,plot_094,160.0333,75.2156,1.0,0.3642,0.018,6401.33
Forest_1505,Forest_1505.jpg,plot_094,160.1936,75.291,0.9998,0.3509,0.0136,6407.74
Forest_1506,Forest_1506.jpg,plot_094,153.9229,72.3438,0.9641,0.28,0.0215,6156.92
Forest_1507,Forest_1507.jpg,plot_095,164.3621,77.2502,1.0,0.3568,0.0303,6574.48
Forest_1508,Forest_1508.jpg,plot_095,163.3767,76.787,1.0,0.3653,0.0166,6535.07
Forest_1509,Forest_1509.jpg,plot_095,156.8319,73.711,1.0,0.3524,0.0164,6273.28
Forest_1510,Forest_1510.jpg,plot_095,165.9582,78.0004,0.9966,0.3654,0.0135,6638.33
Forest_1511,Forest_1511.jpg,plot_095,159.8727,75.1401,1.0,0.3356,0.0167,6394.91
Forest_1512,Forest_1512.jpg,plot_095,164.6017,77.3628,0.9958,0.3641,0.0133,6584.07
Forest_1513,Forest_1513.jpg,plot_095,159.8751,75.1413,1.0,0.3373,0.0106,6395.0
Forest_1514,Forest_1514.jpg,plot_095,156.2003,73.4141,0.9688,0.2788,0.0256,6248.01
Forest_1515,Forest_1515.jpg,plot_095,163.3062,76.7539,1.0,0.3568,0.0156,6532.25
Forest_1516,Forest_1516.jpg,plot_095,163.9581,77.0603,1.0,0.3953,0.0099,6558.32
Forest_1527,Forest_1527.jpg,plot_097,161.6046,75.9542,1.0,0.3482,0.0172,6464.18
Forest_1528,Forest_1528.jpg,plot_097,156.5079,73.5587,0.9988,0.3361,0.0123,6260.32
Forest_1529,Forest_1529.jpg,plot_097,163.3459,76.7726,0.998,0.3136,0.0243,6533.84
Forest_1530,Forest_1530.jpg,plot_097,158.274,74.3888,0.9995,0.3305,0.0198,6330.96
Forest_1531,Forest_1531.jpg,plot_097,158.7921,74.6323,0.9958,0.3391,0.0185,6351.68
Forest_1532,Forest_1532.jpg,plot_097,152.9006,71.8633,1.0,0.3288,0.016,6116.02
Forest_1533,Forest_1533.jpg,plot_097,161.0014,75.6707,0.9973,0.3456,0.0246,6440.06
Forest_1534,Forest_1534.jpg,plot_097,151.4762,71.1938,0.9978,0.3352,0.0171,6059.05
Forest_1535,Forest_1535.jpg,plot_097,157.1904,73.8795,0.9985,0.3967,0.0115,6287.62
Forest_1536,Forest_1536.jpg,plot_097,160.6864,75.5226,0.9946,0.3186,0.0155,6427.46
Forest_1537,Forest_1537.jpg,plot_098,159.6616,75.041,0.9963,0.3217,0.0095,6386.46
Forest_1538,Forest_1538.jpg,plot_098,160.3762,75.3768,0.9934,0.3351,0.0151,6415.05
Forest_1539,Forest_1539.jpg,plot_098,153.242,72.0237,1.0,0.3006,0.0122,6129.68
Forest_1540,Forest_1540.jpg,plot_098,156.2145,73.4208,0.9988,0.2832,0.0164,6248.58
Forest_1541,Forest_1541.jpg,plot_098,155.8541,73.2514,0.9995,0.2843,0.0137,6234.16
Forest_1542,Forest_1542.jpg,plot_098,154.0566,72.4066,0.9834,0.3016,0.0259,6162.26
Forest_1543,Forest_1543.jpg,plot_098,162.303,76.2824,1.0,0.3034,0.013,6492.12
Forest_1544,Forest_1544.jpg,plot_098,160.2776,75.3305,0.9927,0.322,0.0124,6411.1
Forest_1545,Forest_1545.jpg,plot_098,158.9713,74.7165,0.9995,0.338,0.0147,6358.85
Forest_1546,Forest_1546.jpg,plot_098,158.3195,74.4102,1.0,0.3348,0.0095,6332.78
Forest_1547,Forest_1547.jpg,plot_099,163.0905,76.6525,0.9993,0.3583,0.0195,6523.62
Forest_1548,Forest_1548.jpg,plot_099,149.9671,70.4846,1.0,0.3102,0.0115,5998.68
Forest_1549,Forest_1549.jpg,plot_099,157.1162,73.8446,0.9995,0.3014,0.0175,6284.65
Forest_1550,Forest_1550.jpg,plot_099,160.5926,75.4785,1.0,0.3567,0.0219,6423.7
Forest_1551,Forest_1551.jpg,plot_099,152.6148,71.7289,0.9971,0.2854,0.0156,6104.59
Forest_1552,Forest_1552.jpg,plot_099,160.5029,75.4364,0.9954,0.3826,0.0119,6420.12
Forest_1553,Forest_1553.jpg,plot_099,161.4918,75.9011,1.0,0.2825,0.0113,6459.67
Forest_1554,Forest_1554.jpg,plot_099,162.6601,76.4502,0.999,0.354,0.0134,6506.4
Forest_1555,Forest_1555.jpg,plot_099,157.588,74.0663,1.0,0.3527,0.0101,6303.52
Forest_1556,Forest_1556.jpg,plot_099,161.4629,75.8876,0.9985,0.3498,0.0111,6458.52
Forest_1557,Forest_1557.jpg,plot_100,168.9946,79.4275,0.99,0.3627,0.0295,6759.78
Forest_1558,Forest_1558.jpg,plot_100,161.0653,75.7007,1.0,0.3232,0.0109,6442.61
Forest_1559,Forest_1559.jpg,plot_100,157.4096,73.9825,1.0,0.3088,0.0123,6296.38
Forest_1560,Forest_1560.jpg,plot_100,154.2604,72.5024,1.0,0.2974,0.0126,6170.42
Forest_1561,Forest_1561.jpg,plot_100,163.7488,76.9619,0.9985,0.37,0.0129,6549.95
Forest_1562,Forest_1562.jpg,plot_100,161.9045,76.0951,1.0,0.3424,0.0163,6476.18
Forest_1563,Forest_1563.jpg,plot_100,161.731,76.0136,0.9902,0.341,0.014,6469.24
Forest_1564,Forest_1564.jpg,plot_100,160.0041,75.2019,1.0,0.3208,0.0114,6400.16
Forest_1565,Forest_1565.jpg,plot_100,165.9343,77.9891,1.0,0.3647,0.0172,6637.37
Forest_1566,Forest_1566.jpg,plot_100,168.828,79.3492,0.9976,0.42,0.0355,6753.12
Forest_1577,Forest_1577.jpg,plot_102,159.5654,74.9957,0.9861,0.304,0.0225,6382.62
Forest_1578,Forest_1578.jpg,plot_102,153.7149,72.246,1.0,0.2837,0.0131,6148.6
Forest_1579,Forest_1579.jpg,plot_102,160.0725,75.2341,0.9836,0.3422,0.0229,6402.9
Forest_1580,Forest_1580.jpg,plot_102,167.5893,78.767,1.0,0.352,0.0122,6703.57
Forest_1581,Forest_1581.jpg,plot_102,163.7612,76.9678,1.0,0.303,0.0158,6550.45
Forest_1582,Forest_1582.jpg,plot_102,157.4552,74.0039,1.0,0.3028,0.0089,6298.21
Forest_1583,Forest_1583.jpg,plot_102,153.6306,72.2064,0.9304,0.3386,0.0243,6145.22
Forest_1584,Forest_1584.jpg,plot_102,162.7377,76.4867,0.999,0.3634,0.0182,6509.51
Forest_1585,Forest_1585.jpg,plot_102,159.7939,75.1032,0.9966,0.3058,0.0164,6391.76
Forest_1586,Forest_1586.jpg,plot_102,158.4198,74.4573,1.0,0.3595,0.0175,6336.79
Forest_1587,Forest_1587.jpg,plot_103,139.7779,65.6956,0.8777,0.2586,0.0211,5591.12
Forest_1588,Forest_1588.jpg,plot_103,157.1219,73.8473,1.0,0.3769,0.0167,6284.88
Forest_1589,Forest_1589.jpg,plot_103,135.7561,63.8054,0.8774,0.1947,0.0118,5430.24
Forest_1590,Forest_1590.jpg,plot_103,163.4892,76.8399,0.9956,0.3535,0.0182,6539.57
Forest_1591,Forest_1591.jpg,plot_103,158.6025,74.5432,0.9922,0.3464,0.0181,6344.1
Forest_1592,Forest_1592.jpg,plot_103,167.8085,78.87,1.0,0.3623,0.0179,6712.34
Forest_1593,Forest_1593.jpg,plot_103,156.2979,73.46,0.9971,0.3624,0.0128,6251.92
Forest_1594,Forest_1594.jpg,plot_103,149.6699,70.3449,0.9976,0.2935,0.008,5986.8
Forest_1595,Forest_1595.jpg,plot_103,160.006,75.2028,0.9873,0.3444,0.0169,6400.24
Forest_1596,Forest_1596.jpg,plot_103,164.5907,77.3576,1.0,0.3529,0.0151,6583.63
Forest_1597,Forest_1597.jpg,plot_104,166.2515,78.1382,1.0,0.3387,0.0166,6650.06
Forest_1598,Forest_1598.jpg,plot_104,147.4555,69.3041,0.9492,0.2681,0.016,5898.22
Forest_1599,Forest_1599.jpg,plot_104,160.6681,75.514,1.0,0.3194,0.0083,6426.72
Forest_1600,Forest_1600.jpg,plot_104,159.4641,74.9481,0.999,0.3386,0.0142,6378.56
Forest_1601,Forest_1601.jpg,plot_104,156.9316,73.7579,1.0,0.3357,0.0066,6277.26
Forest_1602,Forest_1602.jpg,plot_104,163.2094,76.7084,1.0,0.3684,0.0081,6528.38
Forest_1603,Forest_1603.jpg,plot_104,156.6316,73.6169,1.0,0.2836,0.0077,6265.26
Forest_1604,Forest_1604.jpg,plot_104,155.1895,72.9391,1.0,0.3622,0.0119,6207.58
Forest_1605,Forest_1605.jpg,plot_104,153.1179,71.9654,0.9487,0.2573,0.0146,6124.72
Forest_1606,Forest_1606.jpg,plot_104,163.9946,77.0775,1.0,0.3339,0.0133,6559.78
Forest_1607,Forest_1607.jpg,plot_105,149.6462,70.3337,0.9561,0.2757,0.0218,5985.85
Forest_1608,Forest_1608.jpg,plot_105,158.3961,74.4462,0.9958,0.3079,0.0138,6335.84
Forest_1609,Forest_1609.jpg,plot_105,167.2826,78.6228,1.0,0.3905,0.0229,6691.3
Forest_1610,Forest_1610.jpg,plot_105,158.7005,74.5892,1.0,0.3014,0.0165,6348.02
Forest_1611,Forest_1611.jpg,plot_105,158.9987,74.7294,1.0,0.3539,0.0149,6359.95
Forest_1612,Forest_1612.jpg,plot_105,160.7274,75.5419,1.0,0.3818,0.0159,6429.1
Forest_1613,Forest_1613.jpg,plot_105,159.9432,75.1733,1.0,0.3488,0.0128,6397.73
Forest_1614,Forest_1614.jpg,plot_105,167.0562,78.5164,1.0,0.368,0.0189,6682.25
Forest_1615,Forest_1615.jpg,plot_105,161.0374,75.6876,0.9771,0.3294,0.0256,6441.5
Forest_1616,Forest_1616.jpg,plot_105,149.3363,70.1881,0.9856,0.2608,0.006,5973.45
Forest_1627,Forest_1627.jpg,plot_107,160.8341,75.592,1.0,0.3409,0.0185,6433.36
Forest_1628,Forest_1628.jpg,plot_107,154.0855,72.4202,0.9448,0.2986,0.0236,6163.42
Forest_1629,Forest_1629.jpg,plot_107,157.6614,74.1009,0.9795,0.3359,0.0159,6306.46
Forest_1630,Forest_1630.jpg,plot_107,147.4334,69.2937,0.9878,0.2571,0.0111,5897.34
Forest_1631,Forest_1631.jpg,plot_107,165.203,77.6454,1.0,0.3703,0.0137,6608.12
Forest_1632,Forest_1632.jpg,plot_107,152.1498,71.5104,0.9929,0.2687,0.0132,6085.99
Forest_1633,Forest_1633.jpg,plot_107,158.8286,74.6495,1.0,0.3641,0.0249,6353.14
Forest_1634,Forest_1634.jpg,plot_107,156.4244,73.5195,1.0,0.3085,0.0151,6256.98
Forest_1635,Forest_1635.jpg,plot_107,166.4582,78.2354,0.9956,0.3615,0.0161,6658.33
Forest_1636,Forest_1636.jpg,plot_107,165.5109,77.7901,0.9985,0.3779,0.0155,6620.44
Forest_1637,Forest_1637.jpg,plot_108,160.162,75.2761,1.0,0.3206,0.0253,6406.48
Forest_1638,Forest_1638.jpg,plot_108,155.8206,73.2357,1.0,0.2907,0.0164,6232.82
Forest_1639,Forest_1639.jpg,plot_108,156.9609,73.7716,1.0,0.3307,0.01,6278.44
Forest_1640,Forest_1640.jpg,plot_108,157.662,74.1011,0.9932,0.2249,0.0109,6306.48
Forest_1641,Forest_1641.jpg,plot_108,158.118,74.3155,0.9949,0.2878,0.0187,6324.72
Forest_1642,Forest_1642.jpg,plot_108,162.1239,76.1982,0.9958,0.3363,0.0203,6484.96
Forest_1643,Forest_1643.jpg,plot_108,164.1364,77.1441,0.9998,0.3511,0.0142,6565.46
Forest_1644,Forest_1644.jpg,plot_108,160.0606,75.2285,1.0,0.3513,0.0091,6402.42
Forest_1645,Forest_1645.jpg,plot_108,161.2513,75.7881,1.0,0.3728,0.0147,6450.05
Forest_1646,Forest_1646.jpg,plot_108,153.2529,72.0289,0.9861,0.2876,0.0118,6130.12
Forest_1667,Forest_1667.jpg,plot_111,143.8994,67.6327,0.9187,0.2518,0.0177,5755.98
Forest_1668,Forest_1668.jpg,plot_111,158.9644,74.7133,1.0,0.3286,0.011,6358.58
Forest_1669,Forest_1669.jpg,plot_111,163.151,76.6809,1.0,0.3445,0.0142,6526.04
Forest_1670,Forest_1670.jpg,plot_111,157.1479,73.8595,1.0,0.2918,0.0097,6285.92
Forest_1671,Forest_1671.jpg,plot_111,159.3942,74.9153,0.999,0.3385,0.0115,6375.77
Forest_1672,Forest_1672.jpg,plot_111,163.9851,77.073,1.0,0.3582,0.0205,6559.4
Forest_1673,Forest_1673.jpg,plot_111,166.4859,78.2484,0.9866,0.3536,0.0105,6659.44
Forest_1674,Forest_1674.jpg,plot_111,161.4346,75.8743,0.999,0.3533,0.0182,6457.38
Forest_1675,Forest_1675.jpg,plot_111,162.7337,76.4848,0.9988,0.3619,0.0176,6509.35
Forest_1676,Forest_1676.jpg,plot_111,166.2852,78.154,1.0,0.3694,0.0173,6651.41
Forest_1697,Forest_1697.jpg,plot_114,160.6146,75.4889,0.9998,0.354,0.0177,6424.58
Forest_1698,Forest_1698.jpg,plot_114,164.2254,77.186,1.0,0.3614,0.0072,6569.02
Forest_1699,Forest_1699.jpg,plot_114,158.3354,74.4176,1.0,0.3338,0.0122,6333.42
Forest_1700,Forest_1700.jpg,plot_114,161.6916,75.995,1.0,0.3775,0.0101,6467.66
Forest_1701,Forest_1701.jpg,plot_114,158.5666,74.5263,0.9966,0.3436,0.0125,6342.66
Forest_1702,Forest_1702.jpg,plot_114,151.5786,71.242,0.9939,0.2449,0.0097,6063.14
Forest_1703,Forest_1703.jpg,plot_114,153.9006,72.3333,1.0,0.3276,0.0095,6156.02
Forest_1704,Forest_1704.jpg,plot_114,151.9184,71.4017,1.0,0.3024,0.013,6076.74
Forest_1705,Forest_1705.jpg,plot_114,165.7868,77.9198,1.0,0.3468,0.014,6631.47
Forest_1706,Forest_1706.jpg,plot_114,162.9122,76.5687,0.999,0.3808,0.027,6516.49
Forest_1707,Forest_1707.jpg,plot_115,156.5987,73.6014,0.9949,0.3433,0.0168,6263.95
Forest_1708,Forest_1708.jpg,plot_115,133.0676,62.5418,0.8972,0.2275,0.0192,5322.7
Forest_1709,Forest_1709.jpg,plot_115,159.1028,74.7783,1.0,0.3793,0.01,6364.11
Forest_1710,Forest_1710.jpg,plot_115,156.1246,73.3785,1.0,0.3455,0.0164,6244.98
Forest_1711,Forest_1711.jpg,plot_115,164.1321,77.1421,1.0,0.3104,0.0164,6565.28
Forest_1712,Forest_1712.jpg,plot_115,164.5372,77.3325,1.0,0.3607,0.0134,6581.49
Forest_1713,Forest_1713.jpg,plot_115,154.7043,72.711,0.988,0.2965,0.021,6188.17
Forest_1714,Forest_1714.jpg,plot_115,165.1276,77.61,1.0,0.3166,0.0104,6605.1
Forest_1715,Forest_1715.jpg,plot_115,161.9363,76.1101,0.9993,0.3113,0.017,6477.45
Forest_1716,Forest_1716.jpg,plot_115,154.8797,72.7935,0.96,0.3354,0.0203,6195.19
Forest_1717,Forest_1717.jpg,plot_116,153.1494,71.9802,1.0,0.3565,0.0179,6125.98
Forest_1718,Forest_1718.jpg,plot_116,167.427,78.6907,1.0,0.3257,0.0164,6697.08
Forest_1719,Forest_1719.jpg,plot_116,161.0292,75.6837,0.9995,0.357,0.0331,6441.17
Forest_1720,Forest_1720.jpg,plot_116,146.8546,69.0216,0.9849,0.29,0.0065,5874.18
Forest_1721,Forest_1721.jpg,plot_116,161.7181,76.0075,0.9746,0.3411,0.0198,6468.72
Forest_1722,Forest_1722.jpg,plot_116,164.2799,77.2116,1.0,0.2717,0.0163,6571.2
Forest_1723,Forest_1723.jpg,plot_116,167.8992,78.9126,1.0,0.3932,0.0129,6715.97
Forest_1724,Forest_1724.jpg,plot_116,158.1684,74.3392,1.0,0.2836,0.0149,6326.74
Forest_1725,Forest_1725.jpg,plot_116,155.6774,73.1684,0.9634,0.2626,0.0289,6227.1
Forest_1726,Forest_1726.jpg,plot_116,157.7578,74.1462,0.9993,0.2663,0.0143,6310.31
Forest_1727,Forest_1727.jpg,plot_117,160.8149,75.583,0.9915,0.324,0.0161,6432.6
Forest_1728,Forest_1728.jpg,plot_117,159.5431,74.9853,1.0,0.3412,0.0091,6381.72
Forest_1729,Forest_1729.jpg,plot_117,162.9827,76.6018,1.0,0.3802,0.0145,6519.31
Forest_1730,Forest_1730.jpg,plot_117,163.9646,77.0634,0.9983,0.3657,0.025,6558.58
Forest_1731,Forest_1731.jpg,plot_117,157.2129,73.89,1.0,0.3565,0.0101,6288.52
Forest_1732,Forest_1732.jpg,plot_117,155.6859,73.1724,1.0,0.3098,0.0099,6227.44
Forest_1733,Forest_1733.jpg,plot_117,152.4458,71.6495,1.0,0.3335,0.0104,6097.83
Forest_1734,Forest_1734.jpg,plot_117,160.5965,75.4803,1.0,0.3359,0.0196,6423.86
Forest_1735,Forest_1735.jpg,plot_117,150.5396,70.7536,0.9419,0.3092,0.0286,6021.58
Forest_1736,Forest_1736.jpg,plot_117,150.7637,70.8589,0.9856,0.2925,0.0135,6030.55
Forest_1737,Forest_1737.jpg,plot_118,157.6586,74.0995,0.9998,0.2999,0.014,6306.34
Forest_1738,Forest_1738.jpg,plot_118,160.9181,75.6315,0.9956,0.3133,0.0087,6436.72
Forest_1739,Forest_1739.jpg,plot_118,164.2403,77.1929,1.0,0.3568,0.0145,6569.61
Forest_1740,Forest_1740.jpg,plot_118,146.8075,68.9995,0.9556,0.3024,0.0166,5872.3
Forest_1741,Forest_1741.jpg,plot_118,157.7466,74.1409,0.9988,0.3118,0.0276,6309.86
Forest_1742,Forest_1742.jpg,plot_118,164.3532,77.246,1.0,0.3478,0.017,6574.13
Forest_1743,Forest_1743.jpg,plot_118,156.6801,73.6396,1.0,0.3563,0.0112,6267.2
Forest_1744,Forest_1744.jpg,plot_118,152.1726,71.5211,0.9927,0.2546,0.0135,6086.9
Forest_1745,Forest_1745.jpg,plot_118,93.2456,43.8254,0.5283,0.1758,0.0122,3729.82
Forest_1746,Forest_1746.jpg,plot_118,154.3341,72.537,1.0,0.3187,0.0117,6173.36
Forest_1757,Forest_1757.jpg,plot_120,160.6877,75.5232,0.9968,0.3395,0.0175,6427.51
Forest_1758,Forest_1758.jpg,plot_120,155.4607,73.0665,1.0,0.3017,0.0132,6218.43
Forest_1759,Forest_1759.jpg,plot_120,165.7415,77.8985,1.0,0.412,0.0165,6629.66
Forest_1760,Forest_1760.jpg,plot_120,164.2618,77.2031,0.9998,0.3493,0.0216,6570.47
Forest_1761,Forest_1761.jpg,plot_120,162.094,76.1842,1.0,0.3633,0.0162,6483.76
Forest_1762,Forest_1762.jpg,plot_120,157.2773,73.9203,1.0,0.2999,0.0143,6291.09
Forest_1763,Forest_1763.jpg,plot_120,165.1094,77.6014,0.9946,0.3698,0.0385,6604.38
Forest_1764,Forest_1764.jpg,plot_120,153.8989,72.3325,0.9993,0.2801,0.0163,6155.96
Forest_1765,Forest_1765.jpg,plot_120,156.1272,73.3798,1.0,0.3699,0.0112,6245.09
Forest_1766,Forest_1766.jpg,plot_120,167.3987,78.6774,1.0,0.3611,0.0144,6695.95
Forest_1767,Forest_1767.jpg,plot_121,157.6432,74.0923,1.0,0.3771,0.013,6305.73
Forest_1768,Forest_1768.jpg,plot_121,157.0498,73.8134,0.9983,0.3322,0.0158,6281.99
Forest_1769,Forest_1769.jpg,plot_121,153.8103,72.2908,1.0,0.2829,0.0156,6152.41
Forest_1770,Forest_1770.jpg,plot_121,159.9817,75.1914,0.999,0.291,0.016,6399.27
Forest_1771,Forest_1771.jpg,plot_121,158.1784,74.3439,1.0,0.3531,0.0086,6327.14
Forest_1772,Forest_1772.jpg,plot_121,163.7756,76.9745,1.0,0.3383,0.0131,6551.02
Forest_1773,Forest_1773.jpg,plot_121,156.0128,73.326,0.9993,0.3176,0.0148,6240.51
Forest_1774,Forest_1774.jpg,plot_121,159.7496,75.0823,1.0,0.345,0.009,6389.98
Forest_1775,Forest_1775.jpg,plot_121,154.6407,72.6811,0.9888,0.3067,0.0197,6185.63
Forest_1776,Forest_1776.jpg,plot_121,165.1312,77.6117,1.0,0.3236,0.01,6605.25
Forest_1787,Forest_1787.jpg,plot_123,150.8216,70.8862,0.9963,0.256,0.0105,6032.86
Forest_1788,Forest_1788.jpg,plot_123,151.6064,71.255,1.0,0.2858,0.0152,6064.26
Forest_1789,Forest_1789.jpg,plot_123,159.651,75.0359,0.999,0.357,0.0109,6386.04
Forest_1790,Forest_1790.jpg,plot_123,169.9836,79.8923,1.0,0.3293,0.0214,6799.34
Forest_1791,Forest_1791.jpg,plot_123,152.7537,71.7943,0.9949,0.3028,0.0099,6110.15
Forest_1792,Forest_1792.jpg,plot_123,172.3009,80.9814,1.0,0.4605,0.0092,6892.04
Forest_1793,Forest_1793.jpg,plot_123,168.4403,79.1669,1.0,0.3712,0.0167,6737.61
Forest_1794,Forest_1794.jpg,plot_123,158.1502,74.3306,0.999,0.3228,0.0202,6326.01
Forest_1795,Forest_1795.jpg,plot_123,155.5841,73.1245,0.9963,0.2685,0.0105,6223.36
Forest_1796,Forest_1796.jpg,plot_123,166.5191,78.264,1.0,0.3645,0.0118,6660.76
Forest_1797,Forest_1797.jpg,plot_124,159.4317,74.9329,1.0,0.3533,0.0144,6377.27
Forest_1798,Forest_1798.jpg,plot_124,160.3044,75.3431,1.0,0.3689,0.0114,6412.18
Forest_1799,Forest_1799.jpg,plot_124,149.8267,70.4185,0.9238,0.3111,0.0288,5993.07
Forest_1800,Forest_1800.jpg,plot_124,152.6465,71.7438,0.9761,0.3068,0.0206,6105.86
Forest_1801,Forest_1801.jpg,plot_124,153.6636,72.2219,1.0,0.3069,0.0078,6146.54
Forest_1802,Forest_1802.jpg,plot_124,163.9057,77.0357,1.0,0.4486,0.0179,6556.23
Forest_1803,Forest_1803.jpg,plot_124,160.2755,75.3295,1.0,0.3553,0.0116,6411.02
Forest_1804,Forest_1804.jpg,plot_124,157.0464,73.8118,0.9863,0.3285,0.0236,6281.86
Forest_1805,Forest_1805.jpg,plot_124,161.2295,75.7779,1.0,0.3664,0.0098,6449.18
Forest_1806,Forest_1806.jpg,plot_124,155.8816,73.2643,1.0,0.379,0.01,6235.26
Forest_1807,Forest_1807.jpg,plot_125,156.8464,73.7178,0.9746,0.3128,0.0177,6273.86
Forest_1808,Forest_1808.jpg,plot_125,163.1312,76.6717,0.9932,0.3481,0.0169,6525.25
Forest_1809,Forest_1809.jpg,plot_125,150.1095,70.5514,1.0,0.3186,0.0093,6004.38
Forest_1810,Forest_1810.jpg,plot_125,157.6527,74.0968,0.9851,0.3101,0.0158,6306.11
Forest_1811,Forest_1811.jpg,plot_125,165.8319,77.941,1.0,0.3749,0.0118,6633.28
Forest_1812,Forest_1812.jpg,plot_125,149.8478,70.4284,1.0,0.2691,0.0104,5993.91
Forest_1813,Forest_1813.jpg,plot_125,163.7864,76.9796,0.9963,0.3034,0.0183,6551.46
Forest_1814,Forest_1814.jpg,plot_125,160.7416,75.5486,0.9998,0.3306,0.0147,6429.66
Forest_1815,Forest_1815.jpg,plot_125,150.3341,70.657,0.9958,0.2594,0.01,6013.36
Forest_1816,Forest_1816.jpg,plot_125,156.1001,73.3671,0.9958,0.3087,0.0108,6244.0
Forest_1827,Forest_1827.jpg,plot_127,161.9069,76.0963,1.0,0.318,0.0133,6476.28
Forest_1828,Forest_1828.jpg,plot_127,157.5032,74.0265,1.0,0.2894,0.0102,6300.13
Forest_1829,Forest_1829.jpg,plot_127,151.4898,71.2002,0.948,0.3523,0.0189,6059.59
Forest_1830,Forest_1830.jpg,plot_127,157.6327,74.0874,1.0,0.3366,0.011,6305.31
Forest_1831,Forest_1831.jpg,plot_127,165.9252,77.9848,0.9985,0.3579,0.0174,6637.01
Forest_1832,Forest_1832.jpg,plot_127,161.6312,75.9667,1.0,0.3585,0.0145,6465.25
Forest_1833,Forest_1833.jpg,plot_127,169.3747,79.6061,1.0,0.3599,0.0146,6774.99
Forest_1834,Forest_1834.jpg,plot_127,162.9672,76.5946,1.0,0.354,0.0174,6518.69
Forest_1835,Forest_1835.jpg,plot_127,159.098,74.7761,0.9985,0.3359,0.0107,6363.92
Forest_1836,Forest_1836.jpg,plot_127,160.7738,75.5637,1.0,0.3572,0.0175,6430.95
Forest_1837,Forest_1837.jpg,plot_128,160.1137,75.2534,0.9949,0.3367,0.0169,6404.55
Forest_1838,Forest_1838.jpg,plot_128,154.5761,72.6508,0.9988,0.2823,0.0116,6183.04
Forest_1839,Forest_1839.jpg,plot_128,157.7363,74.1361,0.9785,0.2904,0.0201,6309.45
Forest_1840,Forest_1840.jpg,plot_128,162.2598,76.2621,0.9995,0.3366,0.0119,6490.39
Forest_1841,Forest_1841.jpg,plot_128,156.419,73.5169,0.9971,0.3414,0.0128,6256.76
Forest_1842,Forest_1842.jpg,plot_128,161.205,75.7664,1.0,0.3703,0.0293,6448.2
Forest_1843,Forest_1843.jpg,plot_128,155.5075,73.0885,0.9985,0.3403,0.0229,6220.3
Forest_1844,Forest_1844.jpg,plot_128,161.7256,76.011,0.9871,0.3622,0.0152,6469.02
Forest_1845,Forest_1845.jpg,plot_128,155.1213,72.907,1.0,0.3313,0.0133,6204.85
Forest_1846,Forest_1846.jpg,plot_128,149.9955,70.4979,0.9932,0.3288,0.0116,5999.82
Forest_1847,Forest_1847.jpg,plot_129,158.8408,74.6552,0.9993,0.2964,0.0169,6353.63
Forest_1848,Forest_1848.jpg,plot_129,166.7238,78.3602,0.9978,0.3268,0.0117,6668.95
Forest_1849,Forest_1849.jpg,plot_129,153.122,71.9673,0.9529,0.2851,0.0262,6124.88
Forest_1850,Forest_1850.jpg,plot_129,161.3011,75.8115,1.0,0.3138,0.0154,6452.04
Forest_1851,Forest_1851.jpg,plot_129,158.2657,74.3849,1.0,0.3389,0.0075,6330.63
Forest_1852,Forest_1852.jpg,plot_129,157.0256,73.802,1.0,0.3164,0.0109,6281.02
Forest_1853,Forest_1853.jpg,plot_129,165.7553,77.905,1.0,0.3675,0.0175,6630.21
Forest_1854,Forest_1854.jpg,plot_129,157.8991,74.2126,0.9919,0.3183,0.0203,6315.96
Forest_1855,Forest_1855.jpg,plot_129,165.1749,77.6322,1.0,0.3609,0.0256,6607.0
Forest_1856,Forest_1856.jpg,plot_129,161.73,76.0131,0.9888,0.3493,0.0202,6469.2
Forest_1867,Forest_1867.jpg,plot_131,146.9221,69.0534,0.9258,0.2814,0.0159,5876.88
Forest_1868,Forest_1868.jpg,plot_131,144.6973,68.0077,0.8967,0.2531,0.0173,5787.89
Forest_1869,Forest_1869.jpg,plot_131,165.8277,77.939,1.0,0.3399,0.0186,6633.11
Forest_1870,Forest_1870.jpg,plot_131,160.587,75.4759,0.9973,0.3143,0.0177,6423.48
Forest_1871,Forest_1871.jpg,plot_131,155.4845,73.0777,0.9924,0.3015,0.011,6219.38
Forest_1872,Forest_1872.jpg,plot_131,153.5822,72.1836,0.9902,0.3369,0.0134,6143.29
Forest_1873,Forest_1873.jpg,plot_131,159.1861,74.8175,0.9995,0.3763,0.0169,6367.44
Forest_1874,Forest_1874.jpg,plot_131,156.2375,73.4316,0.9946,0.3064,0.0159,6249.5
Forest_1875,Forest_1875.jpg,plot_131,155.9707,73.3062,1.0,0.2992,0.0183,6238.83
Forest_1876,Forest_1876.jpg,plot_131,152.2936,71.578,0.9978,0.2625,0.0088,6091.74
Forest_1877,Forest_1877.jpg,plot_132,156.2831,73.4531,0.998,0.2872,0.0145,6251.32
Forest_1878,Forest_1878.jpg,plot_132,162.2434,76.2544,0.9922,0.3489,0.0179,6489.74
Forest_1879,Forest_1879.jpg,plot_132,156.9902,73.7854,1.0,0.3031,0.0139,6279.61
Forest_1880,Forest_1880.jpg,plot_132,161.1906,75.7596,1.0,0.3327,0.0149,6447.62
Forest_1881,Forest_1881.jpg,plot_132,162.4504,76.3517,1.0,0.3467,0.0217,6498.02
Forest_1882,Forest_1882.jpg,plot_132,154.7534,72.7341,0.9995,0.3651,0.015,6190.14
Forest_1883,Forest_1883.jpg,plot_132,152.872,71.8498,0.9995,0.2989,0.011,6114.88
Forest_1884,Forest_1884.jpg,plot_132,159.9711,75.1864,1.0,0.3549,0.0129,6398.84
Forest_1885,Forest_1885.jpg,plot_132,157.0052,73.7925,1.0,0.3654,0.0131,6280.21
Forest_1886,Forest_1886.jpg,plot_132,163.307,76.7543,1.0,0.3426,0.0189,6532.28
Forest_1897,Forest_1897.jpg,plot_134,155.2275,72.9569,1.0,0.2816,0.0094,6209.1
Forest_1898,Forest_1898.jpg,plot_134,163.3986,76.7973,1.0,0.3659,0.0211,6535.94
Forest_1899,Forest_1899.jpg,plot_134,156.273,73.4483,0.9873,0.2859,0.0149,6250.92
Forest_1900,Forest_1900.jpg,plot_134,165.0613,77.5788,0.991,0.3576,0.0181,6602.45
Forest_1901,Forest_1901.jpg,plot_134,161.1141,75.7236,1.0,0.3248,0.0104,6444.56
Forest_1902,Forest_1902.jpg,plot_134,152.861,71.8447,0.9949,0.323,0.0143,6114.44
Forest_1903,Forest_1903.jpg,plot_134,149.5906,70.3076,1.0,0.3415,0.0089,5983.62
Forest_1904,Forest_1904.jpg,plot_134,156.126,73.3792,0.9807,0.2884,0.0099,6245.04
Forest_1905,Forest_1905.jpg,plot_134,156.364,73.4911,1.0,0.354,0.0157,6254.56
Forest_1906,Forest_1906.jpg,plot_134,159.143,74.7972,1.0,0.3204,0.0198,6365.72
Forest_1907,Forest_1907.jpg,plot_135,154.0561,72.4064,1.0,0.3264,0.0114,6162.24
Forest_1908,Forest_1908.jpg,plot_135,57.7269,27.1316,0.2915,0.1739,0.0116,2309.08
Forest_1909,Forest_1909.jpg,plot_135,160.2478,75.3165,1.0,0.3292,0.0114,6409.91
Forest_1910,Forest_1910.jpg,plot_135,161.1794,75.7543,1.0,0.3234,0.0136,6447.18
Forest_1911,Forest_1911.jpg,plot_135,52.9735,24.8976,0.2175,0.1617,0.0089,2118.94
Forest_1912,Forest_1912.jpg,plot_135,150.3751,70.6763,0.9971,0.3297,0.0169,6015.0
Forest_1913,Forest_1913.jpg,plot_135,159.654,75.0374,0.9998,0.3606,0.0157,6386.16
Forest_1914,Forest_1914.jpg,plot_135,161.2831,75.8031,0.9993,0.3484,0.0128,6451.32
Forest_1915,Forest_1915.jpg,plot_135,149.7397,70.3777,0.9875,0.2918,0.0139,5989.59
Forest_1916,Forest_1916.jpg,plot_135,158.7333,74.6047,1.0,0.3347,0.009,6349.33
Forest_1937,Forest_1937.jpg,plot_138,156.1236,73.3781,1.0,0.266,0.01,6244.94
Forest_1938,Forest_1938.jpg,plot_138,153.1784,71.9939,1.0,0.2889,0.0084,6127.14
Forest_1939,Forest_1939.jpg,plot_138,166.2836,78.1533,0.9973,0.2992,0.022,6651.34
Forest_1940,Forest_1940.jpg,plot_138,154.8974,72.8018,1.0,0.3218,0.0082,6195.9
Forest_1941,Forest_1941.jpg,plot_138,166.6714,78.3356,1.0,0.4168,0.0108,6666.86
Forest_1942,Forest_1942.jpg,plot_138,152.5477,71.6974,0.9807,0.2636,0.0111,6101.91
Forest_1943,Forest_1943.jpg,plot_138,166.5596,78.283,1.0,0.3643,0.0163,6662.38
Forest_1944,Forest_1944.jpg,plot_138,163.648,76.9146,1.0,0.3323,0.01,6545.92
Forest_1945,Forest_1945.jpg,plot_138,160.9509,75.6469,1.0,0.3612,0.0127,6438.04
Forest_1946,Forest_1946.jpg,plot_138,149.975,70.4882,0.981,0.2875,0.0091,5999.0
Forest_1947,Forest_1947.jpg,plot_139,143.8753,67.6214,0.9236,0.2182,0.0148,5755.01
Forest_1948,Forest_1948.jpg,plot_139,152.5433,71.6953,1.0,0.2835,0.0099,6101.73
Forest_1949,Forest_1949.jpg,plot_139,165.4867,77.7788,0.9946,0.3329,0.0134,6619.47
Forest_1950,Forest_1950.jpg,plot_139,159.1985,74.8233,0.9941,0.3303,0.0153,6367.94
Forest_1951,Forest_1951.jpg,plot_139,155.1577,72.9241,0.9985,0.3049,0.011,6206.31
Forest_1952,Forest_1952.jpg,plot_139,161.7664,76.0302,1.0,0.361,0.0138,6470.66
Forest_1953,Forest_1953.jpg,plot_139,152.4203,71.6375,1.0,0.3245,0.0079,6096.81
Forest_1954,Forest_1954.jpg,plot_139,153.7254,72.2509,0.9927,0.3073,0.0159,6149.02
Forest_1955,Forest_1955.jpg,plot_139,160.1486,75.2698,0.9995,0.3087,0.0076,6405.94
Forest_1956,Forest_1956.jpg,plot_139,163.9724,77.067,0.9697,0.4022,0.0372,6558.9
Forest_1957,Forest_1957.jpg,plot_140,153.0102,71.9148,1.0,0.3193,0.0075,6120.41
Forest_1958,Forest_1958.jpg,plot_140,156.0266,73.3325,1.0,0.2722,0.0099,6241.06
Forest_1959,Forest_1959.jpg,plot_140,163.7848,76.9789,0.9924,0.3558,0.0131,6551.39
Forest_1960,Forest_1960.jpg,plot_140,161.7715,76.0326,0.9976,0.3371,0.014,6470.86
Forest_1961,Forest_1961.jpg,plot_140,160.906,75.6258,1.0,0.3154,0.0114,6436.24
Forest_1962,Forest_1962.jpg,plot_140,156.427,73.5207,1.0,0.3486,0.0092,6257.08
Forest_1963,Forest_1963.jpg,plot_140,153.0701,71.943,1.0,0.3263,0.011,6122.8
Forest_1964,Forest_1964.jpg,plot_140,163.792,76.9823,0.999,0.3337,0.0114,6551.68
Forest_1965,Forest_1965.jpg,plot_140,158.9187,74.6918,1.0,0.3653,0.0087,6356.75
Forest_1966,Forest_1966.jpg,plot_140,157.5337,74.0408,0.9705,0.3544,0.0194,6301.35
Forest_1967,Forest_1967.jpg,plot_141,158.4384,74.466,0.9993,0.2665,0.0103,6337.54
Forest_1968,Forest_1968.jpg,plot_141,162.4687,76.3603,1.0,0.3688,0.0096,6498.75
Forest_1969,Forest_1969.jpg,plot_141,160.2817,75.3324,0.9812,0.3476,0.017,6411.27
Forest_1970,Forest_1970.jpg,plot_141,167.7792,78.8562,1.0,0.3472,0.0138,6711.17
Forest_1971,Forest_1971.jpg,plot_141,152.1073,71.4904,1.0,0.2802,0.0086,6084.29
Forest_1972,Forest_1972.jpg,plot_141,163.4603,76.8263,1.0,0.3619,0.0101,6538.41
Forest_1973,Forest_1973.jpg,plot_141,161.6488,75.9749,1.0,0.3656,0.0139,6465.95
Forest_1974,Forest_1974.jpg,plot_141,165.3205,77.7006,0.9973,0.3975,0.018,6612.82
Forest_1975,Forest_1975.jpg,plot_141,166.9261,78.4552,0.999,0.3739,0.0127,6677.04
Forest_1976,Forest_1976.jpg,plot_141,162.1678,76.2189,1.0,0.3567,0.0121,6486.71
Forest_1977,Forest_1977.jpg,plot_142,160.1848,75.2868,0.9932,0.3481,0.0096,6407.39
Forest_1978,Forest_1978.jpg,plot_142,162.5579,76.4022,1.0,0.3145,0.017,6502.32
Forest_1979,Forest_1979.jpg,plot_142,158.1502,74.3306,1.0,0.338,0.0133,6326.01
Forest_1980,Forest_1980.jpg,plot_142,154.1996,72.4738,1.0,0.3137,0.0107,6167.98
Forest_1981,Forest_1981.jpg,plot_142,151.1484,71.0398,1.0,0.2847,0.0092,6045.94
Forest_1982,Forest_1982.jpg,plot_142,140.6624,66.1113,0.9526,0.2474,0.0137,5626.5
Forest_1983,Forest_1983.jpg,plot_142,161.4599,75.8861,0.9917,0.2746,0.0138,6458.4
Forest_1984,Forest_1984.jpg,plot_142,151.5442,71.2258,0.991,0.3034,0.0111,6061.77
Forest_1985,Forest_1985.jpg,plot_142,162.4532,76.353,0.999,0.3757,0.0184,6498.13
Forest_1986,Forest_1986.jpg,plot_142,157.307,73.9343,1.0,0.3103,0.016,6292.28
Forest_1987,Forest_1987.jpg,plot_143,154.7332,72.7246,0.9575,0.3058,0.0201,6189.33
Forest_1988,Forest_1988.jpg,plot_143,161.5997,75.9519,0.988,0.3303,0.0184,6463.99
Forest_1989,Forest_1989.jpg,plot_143,163.0334,76.6257,1.0,0.3464,0.0134,6521.34
Forest_1990,Forest_1990.jpg,plot_143,155.7842,73.2186,0.9602,0.3125,0.0337,6231.37
Forest_1991,Forest_1991.jpg,plot_143,156.616,73.6095,0.9722,0.3506,0.0148,6264.64
Forest_1992,Forest_1992.jpg,plot_143,154.575,72.6503,0.9556,0.3129,0.0189,6183.0
Forest_1993,Forest_1993.jpg,plot_143,159.1852,74.8171,1.0,0.3422,0.0146,6367.41
Forest_1994,Forest_1994.jpg,plot_143,163.432,76.8131,1.0,0.315,0.013,6537.28
Forest_1995,Forest_1995.jpg,plot_143,170.1899,79.9892,1.0,0.3972,0.032,6807.6
Forest_1996,Forest_1996.jpg,plot_143,164.2224,77.1845,1.0,0.3514,0.0183,6568.9
Forest_1997,Forest_1997.jpg,plot_144,172.0033,80.8415,1.0,0.4207,0.0304,6880.13
Forest_1998,Forest_1998.jpg,plot_144,164.7183,77.4176,1.0,0.35,0.0147,6588.73
Forest_1999,Forest_1999.jpg,plot_144,161.2278,75.7771,1.0,0.3728,0.0088,6449.11
Forest_2000,Forest_2000.jpg,plot_144,153.1331,71.9725,1.0,0.3164,0.0121,6125.32
Forest_2001,Forest_2001.jpg,plot_144,160.4918,75.4311,0.9968,0.3527,0.0097,6419.67
Forest_2002,Forest_2002.jpg,plot_144,147.604,69.3739,0.9465,0.2664,0.0213,5904.16
Forest_2003,Forest_2003.jpg,plot_144,154.9148,72.81,0.969,0.34,0.0175,6196.59
Forest_2004,Forest_2004.jpg,plot_144,157.8089,74.1702,1.0,0.2873,0.0122,6312.36
Forest_2005,Forest_2005.jpg,plot_144,160.6593,75.5099,0.9976,0.3056,0.0109,6426.37
Forest_2006,Forest_2006.jpg,plot_144,161.6964,75.9973,0.9995,0.3489,0.019,6467.86
Forest_2007,Forest_2007.jpg,plot_145,152.7167,71.7768,0.9543,0.2968,0.016,6108.67
Forest_2008,Forest_2008.jpg,plot_145,173.4146,81.5049,1.0,0.461,0.0123,6936.58
Forest_2009,Forest_2009.jpg,plot_145,160.9687,75.6553,0.9998,0.3204,0.0206,6438.75
Forest_2010,Forest_2010.jpg,plot_145,166.5947,78.2995,1.0,0.3218,0.01,6663.79
Forest_2011,Forest_2011.jpg,plot_145,130.5448,61.3561,0.7874,0.2399,0.0231,5221.79
Forest_2012,Forest_2012.jpg,plot_145,150.2676,70.6258,0.9822,0.3194,0.0151,6010.7
Forest_2013,Forest_2013.jpg,plot_145,166.6333,78.3177,0.9905,0.3968,0.02,6665.33
Forest_2014,Forest_2014.jpg,plot_145,160.5406,75.4541,1.0,0.3305,0.0144,6421.62
Forest_2015,Forest_2015.jpg,plot_145,160.8243,75.5874,1.0,0.2893,0.0139,6432.97
Forest_2016,Forest_2016.jpg,plot_145,163.1889,76.6988,1.0,0.3695,0.0106,6527.56
Forest_2017,Forest_2017.jpg,plot_146,146.0862,68.6605,0.8542,0.3652,0.0282,5843.45
Forest_2018,Forest_2018.jpg,plot_146,155.1828,72.9359,1.0,0.3465,0.0112,6207.31
Forest_2019,Forest_2019.jpg,plot_146,157.9509,74.2369,1.0,0.3298,0.0125,6318.04
Forest_2020,Forest_2020.jpg,plot_146,163.8423,77.0059,1.0,0.3874,0.0284,6553.69
Forest_2021,Forest_2021.jpg,plot_146,161.1168,75.7249,0.98,0.356,0.0326,6444.67
Forest_2022,Forest_2022.jpg,plot_146,151.6,71.252,0.9055,0.3176,0.027,6064.0
Forest_2023,Forest_2023.jpg,plot_146,166.9365,78.4602,0.9978,0.3456,0.0187,6677.46
Forest_2024,Forest_2024.jpg,plot_146,163.1506,76.6808,0.9988,0.372,0.014,6526.02
Forest_2025,Forest_2025.jpg,plot_146,152.8587,71.8436,0.9495,0.3447,0.0271,6114.35
Forest_2026,Forest_2026.jpg,plot_146,162.0586,76.1675,1.0,0.341,0.0166,6482.34
Forest_2027,Forest_2027.jpg,plot_147,152.9111,71.8682,0.9465,0.2813,0.0123,6116.44
Forest_2028,Forest_2028.jpg,plot_147,159.552,74.9894,0.9927,0.3564,0.0206,6382.08
Forest_2029,Forest_2029.jpg,plot_147,156.3072,73.4644,1.0,0.2953,0.0141,6252.29
Forest_2030,Forest_2030.jpg,plot_147,159.9025,75.1542,0.999,0.3385,0.0152,6396.1
Forest_2031,Forest_2031.jpg,plot_147,164.2625,77.2034,0.9961,0.3624,0.0376,6570.5
Forest_2032,Forest_2032.jpg,plot_147,161.9924,76.1364,1.0,0.3397,0.014,6479.7
Forest_2033,Forest_2033.jpg,plot_147,157.1134,73.8433,1.0,0.3233,0.0098,6284.54
Forest_2034,Forest_2034.jpg,plot_147,162.0248,76.1516,1.0,0.3455,0.0156,6480.99
Forest_2035,Forest_2035.jpg,plot_147,157.7278,74.132,0.9993,0.3591,0.0136,6309.11
Forest_2036,Forest_2036.jpg,plot_147,157.5134,74.0313,1.0,0.3303,0.0138,6300.54
Forest_2037,Forest_2037.jpg,plot_148,155.8184,73.2346,0.9998,0.2647,0.0086,6232.74
Forest_2038,Forest_2038.jpg,plot_148,160.1308,75.2615,1.0,0.3579,0.0158,6405.23
Forest_2039,Forest_2039.jpg,plot_148,149.4567,70.2446,0.8948,0.27,0.0204,5978.27
Forest_2040,Forest_2040.jpg,plot_148,151.9694,71.4256,0.9824,0.2885,0.0111,6078.78
Forest_2041,Forest_2041.jpg,plot_148,164.3203,77.2305,1.0,0.3921,0.015,6572.81
Forest_2042,Forest_2042.jpg,plot_148,157.0343,73.8061,1.0,0.2771,0.0071,6281.37
Forest_2043,Forest_2043.jpg,plot_148,83.0448,39.031,0.4946,0.1913,0.0094,3321.79
Forest_2044,Forest_2044.jpg,plot_148,153.1052,71.9594,0.9995,0.3279,0.0155,6124.21
Forest_2045,Forest_2045.jpg,plot_148,152.8385,71.8341,1.0,0.3159,0.0142,6113.54
Forest_2046,Forest_2046.jpg,plot_148,160.3287,75.3545,1.0,0.3014,0.0092,6413.15
Forest_2047,Forest_2047.jpg,plot_149,152.3832,71.6201,1.0,0.2884,0.0063,6095.33
Forest_2048,Forest_2048.jpg,plot_149,165.7645,77.9093,0.9885,0.3235,0.0124,6630.58
Forest_2049,Forest_2049.jpg,plot_149,155.6997,73.1789,1.0,0.3335,0.0077,6227.99
Forest_2050,Forest_2050.jpg,plot_149,152.9973,71.9087,0.9624,0.2821,0.0188,6119.89
Forest_2051,Forest_2051.jpg,plot_149,168.9631,79.4127,0.9849,0.4065,0.0186,6758.52
Forest_2052,Forest_2052.jpg,plot_149,166.927,78.4557,0.9983,0.3452,0.0141,6677.08
Forest_2053,Forest_2053.jpg,plot_149,162.3703,76.314,0.9819,0.3081,0.0132,6494.81
Forest_2054,Forest_2054.jpg,plot_149,161.326,75.8232,1.0,0.2894,0.0169,6453.04
Forest_2055,Forest_2055.jpg,plot_149,163.7683,76.9711,0.9968,0.3479,0.0151,6550.73
Forest_2056,Forest_2056.jpg,plot_149,163.1945,76.7014,0.9958,0.3655,0.0146,6527.78
Forest_2067,Forest_2067.jpg,plot_151,158.4084,74.4519,1.0,0.3655,0.0175,6336.34
Forest_2068,Forest_2068.jpg,plot_151,160.8017,75.5768,1.0,0.3571,0.0161,6432.07
Forest_2069,Forest_2069.jpg,plot_151,156.1062,73.3699,1.0,0.3356,0.0108,6244.25
Forest_2070,Forest_2070.jpg,plot_151,150.4328,70.7034,0.9998,0.3087,0.0115,6017.31
Forest_2071,Forest_2071.jpg,plot_151,163.2363,76.7211,0.9958,0.3609,0.0249,6529.45
Forest_2072,Forest_2072.jpg,plot_151,161.3992,75.8576,0.9944,0.3486,0.0224,6455.97
Forest_2073,Forest_2073.jpg,plot_151,171.1966,80.4624,0.9792,0.4192,0.0267,6847.86
Forest_2074,Forest_2074.jpg,plot_151,142.4907,66.9706,0.866,0.2514,0.0283,5699.63
Forest_2075,Forest_2075.jpg,plot_151,152.5243,71.6864,1.0,0.3056,0.0088,6100.97
Forest_2076,Forest_2076.jpg,plot_151,169.2956,79.5689,1.0,0.387,0.0135,6771.82
Forest_2077,Forest_2077.jpg,plot_152,167.8331,78.8816,1.0,0.3748,0.0194,6713.32
Forest_2078,Forest_2078.jpg,plot_152,162.1204,76.1966,1.0,0.3593,0.0103,6484.82
Forest_2079,Forest_2079.jpg,plot_152,157.7628,74.1485,1.0,0.3146,0.016,6310.51
Forest_2080,Forest_2080.jpg,plot_152,164.5822,77.3536,0.9651,0.4207,0.0409,6583.29
Forest_2081,Forest_2081.jpg,plot_152,161.3744,75.846,0.9995,0.3555,0.0213,6454.98
Forest_2082,Forest_2082.jpg,plot_152,161.3671,75.8425,0.989,0.3201,0.016,6454.68
Forest_2083,Forest_2083.jpg,plot_152,166.3082,78.1649,0.9983,0.3429,0.0139,6652.33
Forest_2084,Forest_2084.jpg,plot_152,112.9801,53.1006,0.6079,0.2495,0.026,4519.2
Forest_2085,Forest_2085.jpg,plot_152,159.8131,75.1121,0.9983,0.3572,0.0171,6392.52
Forest_2086,Forest_2086.jpg,plot_152,153.5696,72.1777,0.9941,0.3325,0.01,6142.78
Forest_2087,Forest_2087.jpg,plot_153,155.6065,73.135,0.9812,0.2636,0.0255,6224.26
Forest_2088,Forest_2088.jpg,plot_153,151.6858,71.2923,1.0,0.3346,0.0082,6067.43
Forest_2089,Forest_2089.jpg,plot_153,157.7453,74.1403,0.9636,0.3282,0.0227,6309.81
Forest_2090,Forest_2090.jpg,plot_153,158.8307,74.6505,1.0,0.3206,0.0175,6353.23
Forest_2091,Forest_2091.jpg,plot_153,163.6714,76.9256,0.9915,0.3896,0.0263,6546.86
Forest_2092,Forest_2092.jpg,plot_153,157.3353,73.9476,1.0,0.3715,0.0179,6293.41
Forest_2093,Forest_2093.jpg,plot_153,165.212,77.6496,0.9995,0.3703,0.0203,6608.48
Forest_2094,Forest_2094.jpg,plot_153,158.2071,74.3574,1.0,0.3408,0.015,6328.28
Forest_2095,Forest_2095.jpg,plot_153,156.7954,73.6938,0.9968,0.3424,0.0192,6271.82
Forest_2096,Forest_2096.jpg,plot_153,151.341,71.1303,1.0,0.3417,0.0198,6053.64
Forest_2097,Forest_2097.jpg,plot_154,155.4761,73.0738,1.0,0.2844,0.0123,6219.04
Forest_2098,Forest_2098.jpg,plot_154,160.6886,75.5236,1.0,0.2651,0.0131,6427.54
Forest_2099,Forest_2099.jpg,plot_154,167.6563,78.7985,0.9995,0.3763,0.0129,6706.25
Forest_2100,Forest_2100.jpg,plot_154,157.1006,73.8373,1.0,0.3364,0.0109,6284.02
Forest_2101,Forest_2101.jpg,plot_154,157.4693,74.0106,1.0,0.3417,0.0129,6298.77
Forest_2102,Forest_2102.jpg,plot_154,157.032,73.8051,0.9915,0.2865,0.0152,6281.28
Forest_2103,Forest_2103.jpg,plot_154,152.8263,71.8284,0.9854,0.3199,0.013,6113.05
Forest_2104,Forest_2104.jpg,plot_154,161.673,75.9863,1.0,0.3551,0.0134,6466.92
Forest_2105,Forest_2105.jpg,plot_154,161.3691,75.8435,1.0,0.3275,0.0131,6454.76
Forest_2106,Forest_2106.jpg,plot_154,164.2071,77.1774,1.0,0.3393,0.0148,6568.28
Forest_2107,Forest_2107.jpg,plot_155,158.5256,74.507,1.0,0.3311,0.0129,6341.02
Forest_2108,Forest_2108.jpg,plot_155,162.1688,76.2193,1.0,0.3702,0.0181,6486.75
Forest_2109,Forest_2109.jpg,plot_155,152.3575,71.608,1.0,0.2939,0.0092,6094.3
Forest_2110,Forest_2110.jpg,plot_155,158.2251,74.3658,0.9985,0.3747,0.011,6329.0
Forest_2111,Forest_2111.jpg,plot_155,153.7659,72.27,0.9927,0.2899,0.0104,6150.64
Forest_2112,Forest_2112.jpg,plot_155,163.9465,77.0549,1.0,0.3746,0.0161,6557.86
Forest_2113,Forest_2113.jpg,plot_155,152.0896,71.4821,0.9585,0.2637,0.0117,6083.58
Forest_2114,Forest_2114.jpg,plot_155,156.4956,73.5529,1.0,0.3308,0.0147,6259.82
Forest_2115,Forest_2115.jpg,plot_155,163.5778,76.8815,1.0,0.3282,0.0117,6543.11
Forest_2116,Forest_2116.jpg,plot_155,157.7723,74.153,1.0,0.323,0.0144,6310.89
Forest_2117,Forest_2117.jpg,plot_156,160.63,75.4961,0.9944,0.3517,0.0173,6425.2
Forest_2118,Forest_2118.jpg,plot_156,153.6156,72.1993,0.9998,0.2879,0.0141,6144.62
Forest_2119,Forest_2119.jpg,plot_156,153.2581,72.0313,1.0,0.3602,0.0163,6130.32
Forest_2120,Forest_2120.jpg,plot_156,162.4153,76.3352,1.0,0.3191,0.0178,6496.61
Forest_2121,Forest_2121.jpg,plot_156,162.6541,76.4474,1.0,0.3547,0.0115,6506.16
Forest_2122,Forest_2122.jpg,plot_156,159.1169,74.7849,1.0,0.3362,0.0163,6364.68
Forest_2123,Forest_2123.jpg,plot_156,163.8155,76.9933,1.0,0.3489,0.0262,6552.62
Forest_2124,Forest_2124.jpg,plot_156,158.433,74.4635,1.0,0.3125,0.0091,6337.32
Forest_2125,Forest_2125.jpg,plot_156,153.1898,71.9992,1.0,0.3021,0.0197,6127.59
Forest_2126,Forest_2126.jpg,plot_156,152.7648,71.7995,0.9998,0.2799,0.0098,6110.59
Forest_2127,Forest_2127.jpg,plot_157,159.1454,74.7983,0.9922,0.2799,0.0205,6365.82
Forest_2128,Forest_2128.jpg,plot_157,156.7603,73.6773,1.0,0.3678,0.0122,6270.41
Forest_2129,Forest_2129.jpg,plot_157,158.2108,74.3591,0.9995,0.3031,0.0139,6328.43
Forest_2130,Forest_2130.jpg,plot_157,156.8094,73.7004,1.0,0.3604,0.0156,6272.38
Forest_2131,Forest_2131.jpg,plot_157,164.6524,77.3866,1.0,0.3623,0.0206,6586.1
Forest_2132,Forest_2132.jpg,plot_157,154.6811,72.7001,1.0,0.2762,0.0114,6187.24
Forest_2133,Forest_2133.jpg,plot_157,149.3688,70.2033,1.0,0.2817,0.0108,5974.75
Forest_2134,Forest_2134.jpg,plot_157,159.7535,75.0842,0.9822,0.3052,0.0159,6390.14
Forest_2135,Forest_2135.jpg,plot_157,90.7074,42.6325,0.481,0.259,0.0297,3628.3
Forest_2136,Forest_2136.jpg,plot_157,156.915,73.75,1.0,0.3403,0.0139,6276.6
Forest_2137,Forest_2137.jpg,plot_158,162.2204,76.2436,1.0,0.3473,0.0188,6488.82
Forest_2138,Forest_2138.jpg,plot_158,164.6906,77.4046,1.0,0.3355,0.0187,6587.62
Forest_2139,Forest_2139.jpg,plot_158,157.5714,74.0586,0.9944,0.3457,0.0205,6302.86
Forest_2140,Forest_2140.jpg,plot_158,161.162,75.7462,1.0,0.367,0.0116,6446.48
Forest_2141,Forest_2141.jpg,plot_158,152.363,71.6106,0.979,0.2632,0.0095,6094.52
Forest_2142,Forest_2142.jpg,plot_158,158.712,74.5946,0.9861,0.2934,0.0196,6348.48
Forest_2143,Forest_2143.jpg,plot_158,157.0823,73.8287,1.0,0.3126,0.0084,6283.29
Forest_2144,Forest_2144.jpg,plot_158,161.0232,75.6809,0.9976,0.3607,0.0195,6440.93
Forest_2145,Forest_2145.jpg,plot_158,150.9616,70.952,0.9929,0.2596,0.0156,6038.46
Forest_2146,Forest_2146.jpg,plot_158,157.4235,73.9891,0.9951,0.3116,0.0136,6296.94
Forest_2147,Forest_2147.jpg,plot_159,152.0404,71.459,0.9646,0.321,0.0209,6081.62
Forest_2148,Forest_2148.jpg,plot_159,149.5353,70.2816,0.9958,0.3376,0.0166,5981.41
Forest_2149,Forest_2149.jpg,plot_159,161.8237,76.0571,1.0,0.3646,0.0098,6472.95
Forest_2150,Forest_2150.jpg,plot_159,167.8464,78.8878,1.0,0.3968,0.018,6713.86
Forest_2151,Forest_2151.jpg,plot_159,156.2238,73.4252,0.998,0.3696,0.0252,6248.95
Forest_2152,Forest_2152.jpg,plot_159,167.6807,78.8099,0.9775,0.4371,0.0426,6707.23
Forest_2153,Forest_2153.jpg,plot_159,159.3842,74.9106,0.9878,0.2885,0.0237,6375.37
Forest_2154,Forest_2154.jpg,plot_159,96.9924,45.5864,0.5085,0.1879,0.0124,3879.7
Forest_2155,Forest_2155.jpg,plot_159,154.8151,72.7631,0.9988,0.2848,0.0095,6192.6
Forest_2156,Forest_2156.jpg,plot_159,160.0527,75.2247,0.999,0.3829,0.0143,6402.11
Forest_2167,Forest_2167.jpg,plot_161,154.4199,72.5773,1.0,0.2909,0.0101,6176.8
Forest_2168,Forest_2168.jpg,plot_161,155.6813,73.1702,0.9998,0.3632,0.0135,6227.25
Forest_2169,Forest_2169.jpg,plot_161,161.9653,76.1237,1.0,0.3312,0.0129,6478.61
Forest_2170,Forest_2170.jpg,plot_161,158.7148,74.5959,1.0,0.3376,0.0117,6348.59
Forest_2171,Forest_2171.jpg,plot_161,159.8996,75.1528,0.9993,0.341,0.017,6395.98
Forest_2172,Forest_2172.jpg,plot_161,162.5915,76.418,0.9685,0.2735,0.0143,6503.66
Forest_2173,Forest_2173.jpg,plot_161,157.5296,74.0389,1.0,0.2933,0.0135,6301.18
Forest_2174,Forest_2174.jpg,plot_161,46.7742,21.9839,0.1528,0.1803,0.0149,1870.97
Forest_2175,Forest_2175.jpg,plot_161,158.7196,74.5982,0.998,0.3284,0.0197,6348.78
Forest_2176,Forest_2176.jpg,plot_161,161.0093,75.6744,0.979,0.32,0.0187,6440.37
Forest_2177,Forest_2177.jpg,plot_162,150.1185,70.5557,0.9563,0.2305,0.0257,6004.74
Forest_2178,Forest_2178.jpg,plot_162,155.4402,73.0569,1.0,0.3441,0.0157,6217.61
Forest_2179,Forest_2179.jpg,plot_162,160.6274,75.4949,0.9905,0.3002,0.02,6425.1
Forest_2180,Forest_2180.jpg,plot_162,151.6273,71.2648,0.9973,0.2741,0.01,6065.09
Forest_2181,Forest_2181.jpg,plot_162,169.1531,79.502,1.0,0.3494,0.0224,6766.12
Forest_2182,Forest_2182.jpg,plot_162,162.7451,76.4902,1.0,0.3336,0.0126,6509.8
Forest_2183,Forest_2183.jpg,plot_162,156.6239,73.6132,0.999,0.3275,0.0117,6264.96
Forest_2184,Forest_2184.jpg,plot_162,161.0918,75.7131,1.0,0.296,0.0133,6443.67
Forest_2185,Forest_2185.jpg,plot_162,159.1806,74.8149,1.0,0.3305,0.0133,6367.22
Forest_2186,Forest_2186.jpg,plot_162,164.5269,77.3276,0.9998,0.3445,0.0198,6581.08
Forest_2197,Forest_2197.jpg,plot_164,160.2377,75.3117,1.0,0.3594,0.0105,6409.51
Forest_2198,Forest_2198.jpg,plot_164,169.3673,79.6026,0.9988,0.4104,0.0142,6774.69
Forest_2199,Forest_2199.jpg,plot_164,154.8527,72.7808,1.0,0.2989,0.0068,6194.11
Forest_2200,Forest_2200.jpg,plot_164,159.0978,74.7759,1.0,0.3246,0.0094,6363.91
Forest_2201,Forest_2201.jpg,plot_164,153.9897,72.3752,1.0,0.3135,0.013,6159.59
Forest_2202,Forest_2202.jpg,plot_164,159.3749,74.9062,1.0,0.3362,0.0078,6375.0
Forest_2203,Forest_2203.jpg,plot_164,164.1375,77.1446,1.0,0.3708,0.0251,6565.5
Forest_2204,Forest_2204.jpg,plot_164,161.1332,75.7326,1.0,0.3144,0.0126,6445.33
Forest_2205,Forest_2205.jpg,plot_164,164.436,77.2849,0.9885,0.3605,0.0162,6577.44
Forest_2206,Forest_2206.jpg,plot_164,171.4204,80.5676,1.0,0.3724,0.0156,6856.82
Forest_2207,Forest_2207.jpg,plot_165,161.4586,75.8855,1.0,0.3512,0.0099,6458.34
Forest_2208,Forest_2208.jpg,plot_165,162.312,76.2866,1.0,0.3596,0.0144,6492.48
Forest_2209,Forest_2209.jpg,plot_165,147.5845,69.3647,0.9658,0.2322,0.0084,5903.38
Forest_2210,Forest_2210.jpg,plot_165,154.6947,72.7065,1.0,0.2915,0.0118,6187.79
Forest_2211,Forest_2211.jpg,plot_165,161.3365,75.8282,0.9958,0.3414,0.0172,6453.46
Forest_2212,Forest_2212.jpg,plot_165,152.6738,71.7567,0.9758,0.2901,0.0153,6106.95
Forest_2213,Forest_2213.jpg,plot_165,161.2014,75.7646,0.9993,0.3484,0.0155,6448.06
Forest_2214,Forest_2214.jpg,plot_165,149.9807,70.4909,0.8994,0.3074,0.0154,5999.23
Forest_2215,Forest_2215.jpg,plot_165,150.1244,70.5585,0.9905,0.2825,0.0099,6004.98
Forest_2216,Forest_2216.jpg,plot_165,164.0434,77.1004,0.9983,0.3508,0.0132,6561.74
Forest_2217,Forest_2217.jpg,plot_166,165.7908,77.9217,1.0,0.3481,0.0173,6631.63
Forest_2218,Forest_2218.jpg,plot_166,162.4112,76.3333,0.9993,0.3718,0.0178,6496.45
Forest_2219,Forest_2219.jpg,plot_166,154.6262,72.6743,1.0,0.3609,0.0173,6185.05
Forest_2220,Forest_2220.jpg,plot_166,158.3865,74.4417,0.998,0.3622,0.0121,6335.46
Forest_2221,Forest_2221.jpg,plot_166,166.7923,78.3924,1.0,0.3625,0.0177,6671.69
Forest_2222,Forest_2222.jpg,plot_166,161.9217,76.1032,1.0,0.3547,0.0188,6476.87
Forest_2223,Forest_2223.jpg,plot_166,157.8415,74.1855,1.0,0.3567,0.0157,6313.66
Forest_2224,Forest_2224.jpg,plot_166,152.8238,71.8272,0.9995,0.2583,0.0156,6112.95
Forest_2225,Forest_2225.jpg,plot_166,171.0882,80.4115,1.0,0.4704,0.0124,6843.53
Forest_2226,Forest_2226.jpg,plot_166,163.9759,77.0687,1.0,0.3656,0.0162,6559.04
Forest_2237,Forest_2237.jpg,plot_168,163.3703,76.784,0.9998,0.362,0.0168,6534.81
Forest_2238,Forest_2238.jpg,plot_168,160.4659,75.419,1.0,0.351,0.0142,6418.64
Forest_2239,Forest_2239.jpg,plot_168,157.4084,73.982,1.0,0.3396,0.0172,6296.34
Forest_2240,Forest_2240.jpg,plot_168,161.36,75.8392,0.9985,0.362,0.0108,6454.4
Forest_2241,Forest_2241.jpg,plot_168,155.1554,72.923,0.9873,0.3577,0.0137,6206.22
Forest_2242,Forest_2242.jpg,plot_168,161.4782,75.8947,1.0,0.2954,0.0162,6459.13
Forest_2243,Forest_2243.jpg,plot_168,152.6935,71.7659,0.9976,0.2774,0.0104,6107.74
Forest_2244,Forest_2244.jpg,plot_168,156.9855,73.7832,1.0,0.2943,0.0125,6279.42
Forest_2245,Forest_2245.jpg,plot_168,158.715,74.5961,1.0,0.3166,0.0122,6348.6
Forest_2246,Forest_2246.jpg,plot_168,155.2537,72.9692,1.0,0.2841,0.0147,6210.15
Forest_2247,Forest_2247.jpg,plot_169,160.6682,75.514,0.998,0.3506,0.0079,6426.73
Forest_2248,Forest_2248.jpg,plot_169,151.9276,71.406,0.9963,0.2662,0.0111,6077.1
Forest_2249,Forest_2249.jpg,plot_169,160.6428,75.5021,1.0,0.3069,0.0143,6425.71
Forest_2250,Forest_2250.jpg,plot_169,156.699,73.6485,1.0,0.3396,0.0204,6267.96
Forest_2251,Forest_2251.jpg,plot_169,161.905,76.0953,0.9976,0.3441,0.0206,6476.2
Forest_2252,Forest_2252.jpg,plot_169,157.4796,74.0154,0.9631,0.2484,0.021,6299.18
Forest_2253,Forest_2253.jpg,plot_169,153.3098,72.0556,0.9919,0.2892,0.0199,6132.39
Forest_2254,Forest_2254.jpg,plot_169,157.8748,74.2011,1.0,0.355,0.012,6314.99
Forest_2255,Forest_2255.jpg,plot_169,157.6539,74.0974,1.0,0.3016,0.0089,6306.16
Forest_2256,Forest_2256.jpg,plot_169,165.1861,77.6375,0.9978,0.3611,0.0278,6607.44
Forest_2257,Forest_2257.jpg,plot_170,163.3886,76.7927,1.0,0.3648,0.0168,6535.54
Forest_2258,Forest_2258.jpg,plot_170,162.4323,76.3432,0.9954,0.3467,0.0182,6497.29
Forest_2259,Forest_2259.jpg,plot_170,162.0816,76.1783,0.9934,0.3459,0.016,6483.26
Forest_2260,Forest_2260.jpg,plot_170,126.2326,59.3293,0.7646,0.2029,0.0182,5049.3
Forest_2261,Forest_2261.jpg,plot_170,157.2021,73.885,0.9978,0.268,0.0185,6288.08
Forest_2262,Forest_2262.jpg,plot_170,158.4151,74.4551,1.0,0.3191,0.0175,6336.6
Forest_2263,Forest_2263.jpg,plot_170,166.2841,78.1535,1.0,0.3416,0.0295,6651.36
Forest_2264,Forest_2264.jpg,plot_170,168.2299,79.0681,0.9988,0.343,0.0208,6729.2
Forest_2265,Forest_2265.jpg,plot_170,161.2628,75.7935,1.0,0.3541,0.0179,6450.51
Forest_2266,Forest_2266.jpg,plot_170,157.2956,73.9289,1.0,0.3342,0.0191,6291.82
Forest_2267,Forest_2267.jpg,plot_171,161.4073,75.8614,1.0,0.3141,0.0122,6456.29
Forest_2268,Forest_2268.jpg,plot_171,155.6226,73.1426,0.9941,0.3003,0.0128,6224.9
Forest_2269,Forest_2269.jpg,plot_171,149.1577,70.1041,0.9836,0.3268,0.0138,5966.31
Forest_2270,Forest_2270.jpg,plot_171,158.0225,74.2706,0.9993,0.2787,0.0121,6320.9
Forest_2271,Forest_2271.jpg,plot_171,158.6824,74.5807,1.0,0.3597,0.012,6347.3
Forest_2272,Forest_2272.jpg,plot_171,156.8402,73.7149,0.9939,0.323,0.0113,6273.61
Forest_2273,Forest_2273.jpg,plot_171,151.4962,71.2032,0.9678,0.263,0.0131,6059.85
Forest_2274,Forest_2274.jpg,plot_171,159.3846,74.9107,0.9968,0.3242,0.0156,6375.38
Forest_2275,Forest_2275.jpg,plot_171,160.4446,75.4089,1.0,0.3202,0.0122,6417.78
Forest_2276,Forest_2276.jpg,plot_171,156.8316,73.7108,0.9863,0.3468,0.0134,6273.26
Forest_2277,Forest_2277.jpg,plot_172,163.1918,76.7001,1.0,0.3573,0.0158,6527.67
Forest_2278,Forest_2278.jpg,plot_172,161.2503,75.7876,1.0,0.358,0.0185,6450.01
Forest_2279,Forest_2279.jpg,plot_172,163.4021,76.799,1.0,0.3734,0.0095,6536.08
Forest_2280,Forest_2280.jpg,plot_172,161.6377,75.9697,1.0,0.3501,0.0104,6465.51
Forest_2281,Forest_2281.jpg,plot_172,153.9727,72.3672,1.0,0.2974,0.0154,6158.91
Forest_2282,Forest_2282.jpg,plot_172,161.0904,75.7125,1.0,0.3153,0.0109,6443.62
Forest_2283,Forest_2283.jpg,plot_172,153.2983,72.0502,1.0,0.2989,0.007,6131.93
Forest_2284,Forest_2284.jpg,plot_172,102.1662,48.0181,0.5779,0.2099,0.0124,4086.65
Forest_2285,Forest_2285.jpg,plot_172,161.1911,75.7598,1.0,0.3363,0.0155,6447.64
Forest_2286,Forest_2286.jpg,plot_172,165.3274,77.7039,1.0,0.3418,0.0102,6613.1
Forest_2297,Forest_2297.jpg,plot_174,158.4504,74.4717,1.0,0.3352,0.0117,6338.02
Forest_2298,Forest_2298.jpg,plot_174,156.0984,73.3663,1.0,0.3089,0.0102,6243.94
Forest_2299,Forest_2299.jpg,plot_174,159.7089,75.0632,1.0,0.3407,0.0127,6388.36
Forest_2300,Forest_2300.jpg,plot_174,151.0114,70.9753,0.9478,0.2525,0.0123,6040.46
Forest_2301,Forest_2301.jpg,plot_174,158.1341,74.323,1.0,0.3396,0.0203,6325.36
Forest_2302,Forest_2302.jpg,plot_174,158.5332,74.5106,1.0,0.3267,0.0095,6341.33
Forest_2303,Forest_2303.jpg,plot_174,167.9983,78.9592,1.0,0.3791,0.0222,6719.93
Forest_2304,Forest_2304.jpg,plot_174,159.7013,75.0596,1.0,0.2991,0.0177,6388.05
Forest_2305,Forest_2305.jpg,plot_174,161.0858,75.7103,0.9844,0.3772,0.0144,6443.43
Forest_2306,Forest_2306.jpg,plot_174,162.0371,76.1574,1.0,0.3071,0.0179,6481.48
Forest_2317,Forest_2317.jpg,plot_176,168.3162,79.1086,1.0,0.3381,0.0253,6732.65
Forest_2318,Forest_2318.jpg,plot_176,162.5311,76.3896,0.999,0.3601,0.01,6501.24
Forest_2319,Forest_2319.jpg,plot_176,160.108,75.2508,1.0,0.3414,0.014,6404.32
Forest_2320,Forest_2320.jpg,plot_176,150.9551,70.9489,0.9731,0.3298,0.0173,6038.2
Forest_2321,Forest_2321.jpg,plot_176,155.1071,72.9004,1.0,0.3075,0.0078,6204.28
Forest_2322,Forest_2322.jpg,plot_176,151.0706,71.0032,1.0,0.2683,0.0104,6042.82
Forest_2323,Forest_2323.jpg,plot_176,164.3062,77.2239,0.9985,0.3109,0.0105,6572.25
Forest_2324,Forest_2324.jpg,plot_176,157.4903,74.0205,1.0,0.3207,0.0126,6299.61
Forest_2325,Forest_2325.jpg,plot_176,163.6527,76.9168,1.0,0.3704,0.0193,6546.11
Forest_2326,Forest_2326.jpg,plot_176,159.9768,75.1891,0.9988,0.3176,0.0138,6399.07
Forest_2357,Forest_2357.jpg,plot_180,160.233,75.3095,1.0,0.2617,0.0104,6409.32
Forest_2358,Forest_2358.jpg,plot_180,160.3789,75.3781,1.0,0.3493,0.0148,6415.16
Forest_2359,Forest_2359.jpg,plot_180,158.7071,74.5923,1.0,0.3597,0.0144,6348.28
Forest_2360,Forest_2360.jpg,plot_180,161.5588,75.9326,1.0,0.4431,0.0145,6462.35
Forest_2361,Forest_2361.jpg,plot_180,148.812,69.9417,1.0,0.3005,0.0063,5952.48
Forest_2362,Forest_2362.jpg,plot_180,163.7283,76.9523,0.9924,0.4221,0.0321,6549.13
Forest_2363,Forest_2363.jpg,plot_180,159.4218,74.9283,1.0,0.3247,0.0131,6376.87
Forest_2364,Forest_2364.jpg,plot_180,162.6159,76.4295,1.0,0.366,0.0114,6504.64
Forest_2365,Forest_2365.jpg,plot_180,148.7058,69.8917,0.9912,0.2836,0.0116,5948.23
Forest_2366,Forest_2366.jpg,plot_180,164.4379,77.2858,0.9995,0.3434,0.0193,6577.52
Forest_2377,Forest_2377.jpg,plot_182,149.1949,70.1216,0.9067,0.3245,0.0248,5967.8
Forest_2378,Forest_2378.jpg,plot_182,162.1144,76.1938,1.0,0.3773,0.0124,6484.58
Forest_2379,Forest_2379.jpg,plot_182,141.4715,66.4916,0.9309,0.2061,0.0144,5658.86
Forest_2380,Forest_2380.jpg,plot_182,157.1212,73.847,0.9995,0.3303,0.0154,6284.85
Forest_2381,Forest_2381.jpg,plot_182,157.9331,74.2285,0.9973,0.3029,0.0157,6317.32
Forest_2382,Forest_2382.jpg,plot_182,161.8867,76.0868,1.0,0.3277,0.0194,6475.47
Forest_2383,Forest_2383.jpg,plot_182,152.0276,71.453,0.9792,0.3164,0.0151,6081.1
Forest_2384,Forest_2384.jpg,plot_182,161.3668,75.8424,0.9985,0.2942,0.0138,6454.67
Forest_2385,Forest_2385.jpg,plot_182,159.4768,74.9541,0.9995,0.3478,0.0125,6379.07
Forest_2386,Forest_2386.jpg,plot_182,159.1182,74.7856,0.9998,0.3354,0.0126,6364.73
Forest_2387,Forest_2387.jpg,plot_183,70.9698,33.3558,0.3354,0.169,0.0096,2838.79
Forest_2388,Forest_2388.jpg,plot_183,155.746,73.2006,0.9998,0.279,0.0113,6229.84
Forest_2389,Forest_2389.jpg,plot_183,162.2377,76.2517,0.9978,0.3263,0.0153,6489.51
Forest_2390,Forest_2390.jpg,plot_183,154.1709,72.4603,0.9871,0.2759,0.0114,6166.84
Forest_2391,Forest_2391.jpg,plot_183,154.8263,72.7684,1.0,0.3061,0.0121,6193.05
Forest_2392,Forest_2392.jpg,plot_183,157.2228,73.8947,0.9985,0.2932,0.0122,6288.91
Forest_2393,Forest_2393.jpg,plot_183,118.6507,55.7658,0.7766,0.2091,0.0099,4746.03
Forest_2394,Forest_2394.jpg,plot_183,100.7926,47.3725,0.5725,0.2249,0.0175,4031.7
Forest_2395,Forest_2395.jpg,plot_183,159.6576,75.0391,0.9971,0.3281,0.0186,6386.3
Forest_2396,Forest_2396.jpg,plot_183,158.1698,74.3398,1.0,0.332,0.0128,6326.79
Forest_2397,Forest_2397.jpg,plot_184,152.1284,71.5004,0.9668,0.2697,0.0209,6085.14
Forest_2398,Forest_2398.jpg,plot_184,156.2127,73.42,1.0,0.3772,0.016,6248.51
Forest_2399,Forest_2399.jpg,plot_184,157.1666,73.8683,0.9995,0.3339,0.0133,6286.66
Forest_2400,Forest_2400.jpg,plot_184,162.8482,76.5386,0.9978,0.3842,0.0142,6513.93
Forest_2401,Forest_2401.jpg,plot_184,159.2652,74.8546,1.0,0.3165,0.0161,6370.61
Forest_2402,Forest_2402.jpg,plot_184,153.6231,72.2029,1.0,0.32,0.0094,6144.92
Forest_2403,Forest_2403.jpg,plot_184,162.8407,76.5351,1.0,0.3093,0.0168,6513.63
Forest_2404,Forest_2404.jpg,plot_184,154.3983,72.5672,0.9995,0.3077,0.0137,6175.93
Forest_2405,Forest_2405.jpg,plot_184,162.9906,76.6056,1.0,0.3558,0.0094,6519.62
Forest_2406,Forest_2406.jpg,plot_184,162.1193,76.1961,1.0,0.3601,0.0121,6484.77
Forest_2407,Forest_2407.jpg,plot_185,153.5042,72.147,1.0,0.2891,0.0118,6140.17
Forest_2408,Forest_2408.jpg,plot_185,168.0945,79.0044,1.0,0.3542,0.0184,6723.78
Forest_2409,Forest_2409.jpg,plot_185,156.0198,73.3293,1.0,0.3601,0.0106,6240.79
Forest_2410,Forest_2410.jpg,plot_185,160.2597,75.3221,1.0,0.3147,0.0101,6410.39
Forest_2411,Forest_2411.jpg,plot_185,162.8072,76.5194,0.9988,0.326,0.0165,6512.29
Forest_2412,Forest_2412.jpg,plot_185,160.5941,75.4792,1.0,0.356,0.022,6423.76
Forest_2413,Forest_2413.jpg,plot_185,162.6556,76.4481,1.0,0.3248,0.0103,6506.22
Forest_2414,Forest_2414.jpg,plot_185,158.1366,74.3242,1.0,0.3407,0.011,6325.46
Forest_2415,Forest_2415.jpg,plot_185,162.6418,76.4416,1.0,0.359,0.0162,6505.67
Forest_2416,Forest_2416.jpg,plot_185,162.6534,76.4471,1.0,0.3404,0.0215,6506.14
Forest_2437,Forest_2437.jpg,plot_188,163.2732,76.7384,1.0,0.3521,0.0114,6530.93
Forest_2438,Forest_2438.jpg,plot_188,160.5929,75.4786,1.0,0.2888,0.0086,6423.72
Forest_2439,Forest_2439.jpg,plot_188,150.3591,70.6688,0.9817,0.303,0.0128,6014.36
Forest_2440,Forest_2440.jpg,plot_188,160.2559,75.3203,0.981,0.3426,0.0326,6410.24
Forest_2441,Forest_2441.jpg,plot_188,156.2537,73.4393,1.0,0.3011,0.0109,6250.15
Forest_2442,Forest_2442.jpg,plot_188,158.8408,74.6552,0.9971,0.3174,0.014,6353.63
Forest_2443,Forest_2443.jpg,plot_188,161.2704,75.7971,0.9885,0.3478,0.0342,6450.82
Forest_2444,Forest_2444.jpg,plot_188,159.7191,75.068,0.9526,0.3629,0.0253,6388.76
Forest_2445,Forest_2445.jpg,plot_188,159.7458,75.0805,1.0,0.3746,0.0114,6389.83
Forest_2446,Forest_2446.jpg,plot_188,158.5644,74.5253,1.0,0.326,0.0132,6342.58
Forest_2447,Forest_2447.jpg,plot_189,158.942,74.7027,1.0,0.308,0.0118,6357.68
Forest_2448,Forest_2448.jpg,plot_189,159.1743,74.8119,1.0,0.3392,0.0119,6366.97
Forest_2449,Forest_2449.jpg,plot_189,161.2466,75.7859,0.9741,0.3692,0.0305,6449.86
Forest_2450,Forest_2450.jpg,plot_189,141.36,66.4392,0.856,0.2716,0.0345,5654.4
Forest_2451,Forest_2451.jpg,plot_189,152.671,71.7554,0.9844,0.2817,0.0104,6106.84
Forest_2452,Forest_2452.jpg,plot_189,160.8588,75.6036,1.0,0.3668,0.0162,6434.35
Forest_2453,Forest_2453.jpg,plot_189,160.814,75.5826,1.0,0.3703,0.0137,6432.56
Forest_2454,Forest_2454.jpg,plot_189,159.441,74.9372,1.0,0.2714,0.0089,6377.64
Forest_2455,Forest_2455.jpg,plot_189,159.3152,74.8781,0.998,0.3283,0.0087,6372.61
Forest_2456,Forest_2456.jpg,plot_189,157.5237,74.0361,1.0,0.3276,0.0126,6300.95
Forest_2457,Forest_2457.jpg,plot_190,160.889,75.6178,0.9922,0.3269,0.0161,6435.56
Forest_2458,Forest_2458.jpg,plot_190,160.7674,75.5607,1.0,0.3547,0.0185,6430.7
Forest_2459,Forest_2459.jpg,plot_190,164.9883,77.5445,1.0,0.3635,0.0123,6599.53
Forest_2460,Forest_2460.jpg,plot_190,158.1663,74.3381,0.9983,0.3148,0.0102,6326.65
Forest_2461,Forest_2461.jpg,plot_190,157.4719,74.0118,1.0,0.3198,0.0119,6298.88
Forest_2462,Forest_2462.jpg,plot_190,161.1517,75.7413,1.0,0.3583,0.0087,6446.07
Forest_2463,Forest_2463.jpg,plot_190,155.0156,72.8573,1.0,0.3419,0.0164,6200.62
Forest_2464,Forest_2464.jpg,plot_190,157.2736,73.9186,1.0,0.368,0.0124,6290.94
Forest_2465,Forest_2465.jpg,plot_190,157.369,73.9634,1.0,0.3529,0.0175,6294.76
Forest_2466,Forest_2466.jpg,plot_190,161.1861,75.7574,1.0,0.3604,0.0123,6447.44
Forest_2467,Forest_2467.jpg,plot_191,161.8276,76.059,1.0,0.2818,0.0137,6473.1
Forest_2468,Forest_2468.jpg,plot_191,152.1873,71.528,0.8508,0.359,0.0224,6087.49
Forest_2469,Forest_2469.jpg,plot_191,156.8224,73.7065,1.0,0.2775,0.0102,6272.9
Forest_2470,Forest_2470.jpg,plot_191,158.1526,74.3317,0.9983,0.2884,0.0153,6326.1
Forest_2471,Forest_2471.jpg,plot_191,154.2044,72.4761,1.0,0.3661,0.0102,6168.18
Forest_2472,Forest_2472.jpg,plot_191,160.3533,75.3661,1.0,0.3725,0.0151,6414.13
Forest_2473,Forest_2473.jpg,plot_191,153.3283,72.0643,1.0,0.2828,0.0147,6133.13
Forest_2474,Forest_2474.jpg,plot_191,153.2671,72.0355,0.999,0.2991,0.0084,6130.68
Forest_2475,Forest_2475.jpg,plot_191,158.6447,74.563,0.9998,0.2993,0.0228,6345.79
Forest_2476,Forest_2476.jpg,plot_191,165.0812,77.5882,0.998,0.3891,0.0286,6603.25
Forest_2477,Forest_2477.jpg,plot_192,151.9709,71.4263,1.0,0.3335,0.0124,6078.84
Forest_2478,Forest_2478.jpg,plot_192,159.1617,74.806,1.0,0.2902,0.0146,6366.47
Forest_2479,Forest_2479.jpg,plot_192,153.3915,72.094,1.0,0.3061,0.0127,6135.66
Forest_2480,Forest_2480.jpg,plot_192,157.5682,74.057,1.0,0.3008,0.0125,6302.73
Forest_2481,Forest_2481.jpg,plot_192,166.7204,78.3586,0.9951,0.3495,0.0128,6668.82
Forest_2482,Forest_2482.jpg,plot_192,158.4799,74.4855,0.9895,0.3399,0.0266,6339.2
Forest_2483,Forest_2483.jpg,plot_192,146.2033,68.7155,1.0,0.2842,0.0103,5848.13
Forest_2484,Forest_2484.jpg,plot_192,158.413,74.4541,0.9976,0.35,0.0113,6336.52
Forest_2485,Forest_2485.jpg,plot_192,155.9255,73.285,0.9451,0.2913,0.0241,6237.02
Forest_2486,Forest_2486.jpg,plot_192,169.4475,79.6403,0.9878,0.3787,0.0206,6777.9
Forest_2487,Forest_2487.jpg,plot_193,152.082,71.4785,0.9998,0.3053,0.0101,6083.28
Forest_2488,Forest_2488.jpg,plot_193,162.705,76.4714,1.0,0.3674,0.0116,6508.2
Forest_2489,Forest_2489.jpg,plot_193,156.7963,73.6943,0.9941,0.2945,0.0237,6271.85
Forest_2490,Forest_2490.jpg,plot_193,161.0608,75.6986,1.0,0.3754,0.0113,6442.43
Forest_2491,Forest_2491.jpg,plot_193,168.0224,78.9705,1.0,0.336,0.0112,6720.9
Forest_2492,Forest_2492.jpg,plot_193,155.3237,73.0021,1.0,0.3721,0.009,6212.95
Forest_2493,Forest_2493.jpg,plot_193,158.3811,74.4391,1.0,0.2889,0.0186,6335.24
Forest_2494,Forest_2494.jpg,plot_193,153.8898,72.3282,0.9841,0.2749,0.0094,6155.59
Forest_2495,Forest_2495.jpg,plot_193,159.1878,74.8183,1.0,0.2938,0.0091,6367.51
Forest_2496,Forest_2496.jpg,plot_193,158.3524,74.4256,1.0,0.3138,0.0141,6334.1
Forest_2507,Forest_2507.jpg,plot_195,153.3548,72.0767,1.0,0.3375,0.0139,6134.19
Forest_2508,Forest_2508.jpg,plot_195,169.6721,79.7459,0.999,0.4207,0.0146,6786.88
Forest_2509,Forest_2509.jpg,plot_195,156.2985,73.4603,1.0,0.3269,0.0163,6251.94
Forest_2510,Forest_2510.jpg,plot_195,161.4943,75.9023,1.0,0.3882,0.0169,6459.77
Forest_2511,Forest_2511.jpg,plot_195,158.7158,74.5964,1.0,0.3643,0.0118,6348.63
Forest_2512,Forest_2512.jpg,plot_195,160.9169,75.6309,1.0,0.3036,0.0094,6436.68
Forest_2513,Forest_2513.jpg,plot_195,150.5836,70.7743,0.9922,0.3397,0.0113,6023.34
Forest_2514,Forest_2514.jpg,plot_195,170.7683,80.2611,1.0,0.3495,0.0117,6830.73
Forest_2515,Forest_2515.jpg,plot_195,163.0624,76.6393,1.0,0.3444,0.0114,6522.5
Forest_2516,Forest_2516.jpg,plot_195,160.201,75.2945,0.9976,0.3365,0.0148,6408.04
Forest_2517,Forest_2517.jpg,plot_196,158.3349,74.4174,1.0,0.3341,0.0108,6333.4
Forest_2518,Forest_2518.jpg,plot_196,161.684,75.9915,1.0,0.3576,0.013,6467.36
Forest_2519,Forest_2519.jpg,plot_196,154.8052,72.7584,0.979,0.2666,0.0172,6192.21
Forest_2520,Forest_2520.jpg,plot_196,157.9944,74.2574,1.0,0.3072,0.007,6319.78
Forest_2521,Forest_2521.jpg,plot_196,160.3333,75.3567,1.0,0.3363,0.0097,6413.33
Forest_2522,Forest_2522.jpg,plot_196,158.6288,74.5555,1.0,0.3301,0.011,6345.15
Forest_2523,Forest_2523.jpg,plot_196,161.4429,75.8782,1.0,0.3813,0.0125,6457.72
Forest_2524,Forest_2524.jpg,plot_196,160.7785,75.5659,1.0,0.3499,0.0173,6431.14
Forest_2525,Forest_2525.jpg,plot_196,160.2606,75.3225,1.0,0.3658,0.0119,6410.42
Forest_2526,Forest_2526.jpg,plot_196,163.6354,76.9086,0.999,0.3218,0.0189,6545.42
Forest_2527,Forest_2527.jpg,plot_197,158.578,74.5317,1.0,0.2828,0.0163,6343.12
Forest_2528,Forest_2528.jpg,plot_197,143.7827,67.5779,1.0,0.2692,0.0104,5751.31
Forest_2529,Forest_2529.jpg,plot_197,164.3542,77.2465,1.0,0.3628,0.0169,6574.17
Forest_2530,Forest_2530.jpg,plot_197,156.2092,73.4183,1.0,0.2882,0.0111,6248.37
Forest_2531,Forest_2531.jpg,plot_197,154.5445,72.6359,0.9753,0.2942,0.0181,6181.78
Forest_2532,Forest_2532.jpg,plot_197,161.2147,75.7709,1.0,0.3734,0.0161,6448.59
Forest_2533,Forest_2533.jpg,plot_197,162.3044,76.2831,1.0,0.3053,0.0177,6492.18
Forest_2534,Forest_2534.jpg,plot_197,167.2111,78.5892,1.0,0.3657,0.023,6688.44
Forest_2535,Forest_2535.jpg,plot_197,155.1207,72.9067,0.998,0.2934,0.0197,6204.83
Forest_2536,Forest_2536.jpg,plot_197,155.3877,73.0322,0.9771,0.2616,0.0235,6215.51
Forest_2537,Forest_2537.jpg,plot_198,133.0628,62.5395,0.8342,0.2691,0.0235,5322.51
Forest_2538,Forest_2538.jpg,plot_198,154.7899,72.7513,0.9976,0.3421,0.0141,6191.6
Forest_2539,Forest_2539.jpg,plot_198,155.7616,73.208,0.9924,0.292,0.0234,6230.46
Forest_2540,Forest_2540.jpg,plot_198,161.9756,76.1286,1.0,0.345,0.0097,6479.02
Forest_2541,Forest_2541.jpg,plot_198,164.1859,77.1674,0.9817,0.3074,0.036,6567.44
Forest_2542,Forest_2542.jpg,plot_198,161.7227,76.0097,0.9998,0.349,0.0125,6468.91
Forest_2543,Forest_2543.jpg,plot_198,161.5616,75.9339,0.9912,0.3325,0.0174,6462.46
Forest_2544,Forest_2544.jpg,plot_198,164.0347,77.0963,1.0,0.3588,0.0186,6561.39
Forest_2545,Forest_2545.jpg,plot_198,152.9678,71.8949,1.0,0.2976,0.0074,6118.71
Forest_2546,Forest_2546.jpg,plot_198,153.7937,72.283,0.9902,0.2613,0.0102,6151.75
Forest_2547,Forest_2547.jpg,plot_199,162.7114,76.4743,0.999,0.3215,0.0199,6508.46
Forest_2548,Forest_2548.jpg,plot_199,162.5509,76.3989,1.0,0.3556,0.0106,6502.04
Forest_2549,Forest_2549.jpg,plot_199,153.2931,72.0477,0.9844,0.2279,0.0093,6131.72
Forest_2550,Forest_2550.jpg,plot_199,161.1383,75.735,0.9922,0.3147,0.0202,6445.53
Forest_2551,Forest_2551.jpg,plot_199,159.6644,75.0423,0.9929,0.3146,0.019,6386.58
Forest_2552,Forest_2552.jpg,plot_199,157.541,74.0443,1.0,0.2805,0.0063,6301.64
Forest_2553,Forest_2553.jpg,plot_199,160.6501,75.5055,1.0,0.3576,0.0132,6426.0
Forest_2554,Forest_2554.jpg,plot_199,153.9242,72.3444,1.0,0.3053,0.0124,6156.97
Forest_2555,Forest_2555.jpg,plot_199,161.6918,75.9951,0.9995,0.3672,0.0168,6467.67
Forest_2556,Forest_2556.jpg,plot_199,157.0466,73.8119,1.0,0.3597,0.0086,6281.86
Forest_2557,Forest_2557.jpg,plot_200,160.2506,75.3178,0.9966,0.3806,0.016,6410.02
Forest_2558,Forest_2558.jpg,plot_200,153.9987,72.3794,0.9949,0.2778,0.0123,6159.95
Forest_2559,Forest_2559.jpg,plot_200,149.5841,70.3045,0.9658,0.2747,0.0191,5983.36
Forest_2560,Forest_2560.jpg,plot_200,157.9855,74.2532,0.9902,0.3258,0.0198,6319.42
Forest_2561,Forest_2561.jpg,plot_200,124.056,58.3063,0.7373,0.3078,0.0426,4962.24
Forest_2562,Forest_2562.jpg,plot_200,158.93,74.6971,1.0,0.3081,0.0162,6357.2
Forest_2563,Forest_2563.jpg,plot_200,162.973,76.5973,1.0,0.3954,0.012,6518.92
Forest_2564,Forest_2564.jpg,plot_200,156.4233,73.5189,1.0,0.328,0.0153,6256.93
Forest_2565,Forest_2565.jpg,plot_200,162.1106,76.192,0.9954,0.3448,0.0152,6484.42
Forest_2566,Forest_2566.jpg,plot_200,162.0808,76.178,0.9951,0.3318,0.0148,6483.23
Forest_2587,Forest_2587.jpg,plot_203,161.2929,75.8077,1.0,0.3341,0.0106,6451.72
Forest_2588,Forest_2588.jpg,plot_203,149.918,70.4615,0.9812,0.2854,0.0124,5996.72
Forest_2589,Forest_2589.jpg,plot_203,164.1662,77.1581,1.0,0.3508,0.0216,6566.65
Forest_2590,Forest_2590.jpg,plot_203,156.6967,73.6475,0.9966,0.2905,0.0098,6267.87
Forest_2591,Forest_2591.jpg,plot_203,163.6169,76.9,1.0,0.3485,0.0124,6544.68
Forest_2592,Forest_2592.jpg,plot_203,170.4801,80.1256,0.9998,0.3349,0.0195,6819.2
Forest_2593,Forest_2593.jpg,plot_203,163.7644,76.9693,1.0,0.3837,0.0128,6550.58
Forest_2594,Forest_2594.jpg,plot_203,157.9344,74.2291,1.0,0.3396,0.0139,6317.38
Forest_2595,Forest_2595.jpg,plot_203,157.8639,74.196,1.0,0.3117,0.0144,6314.56
Forest_2596,Forest_2596.jpg,plot_203,149.7639,70.389,1.0,0.3036,0.0088,5990.56
Forest_2597,Forest_2597.jpg,plot_204,156.7597,73.6771,1.0,0.3255,0.0156,6270.39
Forest_2598,Forest_2598.jpg,plot_204,157.6735,74.1065,0.9998,0.3326,0.0135,6306.94
Forest_2599,Forest_2599.jpg,plot_204,152.7716,71.8027,1.0,0.2838,0.0087,6110.86
Forest_2600,Forest_2600.jpg,plot_204,151.1756,71.0525,0.9885,0.2388,0.0105,6047.02
Forest_2601,Forest_2601.jpg,plot_204,156.6452,73.6233,0.9995,0.3357,0.0144,6265.81
Forest_2602,Forest_2602.jpg,plot_204,162.8841,76.5556,0.9932,0.3434,0.0134,6515.36
Forest_2603,Forest_2603.jpg,plot_204,130.8791,61.5132,0.8079,0.234,0.0239,5235.16
Forest_2604,Forest_2604.jpg,plot_204,162.0857,76.1803,1.0,0.362,0.0173,6483.43
Forest_2605,Forest_2605.jpg,plot_204,157.3576,73.9581,0.9971,0.3309,0.013,6294.3
Forest_2606,Forest_2606.jpg,plot_204,158.4127,74.454,0.9963,0.3314,0.0107,6336.51
Forest_2607,Forest_2607.jpg,plot_205,163.098,76.656,1.0,0.3557,0.0117,6523.92
Forest_2608,Forest_2608.jpg,plot_205,152.3471,71.6032,1.0,0.3026,0.0068,6093.88
Forest_2609,Forest_2609.jpg,plot_205,158.2127,74.36,1.0,0.3573,0.0124,6328.51
Forest_2610,Forest_2610.jpg,plot_205,157.4862,74.0185,1.0,0.3217,0.0141,6299.45
Forest_2611,Forest_2611.jpg,plot_205,155.6331,73.1475,1.0,0.3411,0.0159,6225.32
Forest_2612,Forest_2612.jpg,plot_205,154.9647,72.8334,0.9944,0.3192,0.0147,6198.59
Forest_2613,Forest_2613.jpg,plot_205,162.1808,76.225,0.9983,0.3695,0.0227,6487.23
Forest_2614,Forest_2614.jpg,plot_205,161.278,75.8006,1.0,0.343,0.0074,6451.12
Forest_2615,Forest_2615.jpg,plot_205,95.0668,44.6814,0.5586,0.1664,0.0112,3802.67
Forest_2616,Forest_2616.jpg,plot_205,159.7632,75.0887,1.0,0.3323,0.0134,6390.53
Forest_2617,Forest_2617.jpg,plot_206,157.4734,74.0125,1.0,0.2724,0.0112,6298.94
Forest_2618,Forest_2618.jpg,plot_206,160.8336,75.5918,0.999,0.3469,0.0186,6433.34
Forest_2619,Forest_2619.jpg,plot_206,163.1603,76.6853,1.0,0.3637,0.0157,6526.41
Forest_2620,Forest_2620.jpg,plot_206,158.1422,74.3269,1.0,0.3329,0.011,6325.69
Forest_2621,Forest_2621.jpg,plot_206,160.3422,75.3608,0.9946,0.3416,0.0148,6413.69
Forest_2622,Forest_2622.jpg,plot_206,152.7527,71.7938,1.0,0.275,0.0117,6110.11
Forest_2623,Forest_2623.jpg,plot_206,158.7915,74.632,1.0,0.4562,0.0129,6351.66
Forest_2624,Forest_2624.jpg,plot_206,153.59,72.1873,0.9963,0.2891,0.0069,6143.6
Forest_2625,Forest_2625.jpg,plot_206,166.7676,78.3808,1.0,0.3688,0.0143,6670.7
Forest_2626,Forest_2626.jpg,plot_206,163.587,76.8859,0.9998,0.3384,0.0168,6543.48
Forest_2627,Forest_2627.jpg,plot_207,165.5934,77.8289,0.9993,0.3581,0.019,6623.74
Forest_2628,Forest_2628.jpg,plot_207,163.3093,76.7554,1.0,0.331,0.0134,6532.37
Forest_2629,Forest_2629.jpg,plot_207,158.8344,74.6522,0.9963,0.33,0.0136,6353.38
Forest_2630,Forest_2630.jpg,plot_207,159.6621,75.0412,1.0,0.33,0.0136,6386.48
Forest_2631,Forest_2631.jpg,plot_207,154.7377,72.7267,1.0,0.3187,0.0085,6189.51
Forest_2632,Forest_2632.jpg,plot_207,157.9493,74.2362,0.9998,0.3127,0.0185,6317.97
Forest_2633,Forest_2633.jpg,plot_207,161.0503,75.6937,1.0,0.3402,0.0107,6442.01
Forest_2634,Forest_2634.jpg,plot_207,162.6329,76.4375,0.9971,0.3395,0.0104,6505.32
Forest_2635,Forest_2635.jpg,plot_207,157.7565,74.1456,0.9932,0.3245,0.0155,6310.26
Forest_2636,Forest_2636.jpg,plot_207,153.7202,72.2485,1.0,0.2845,0.0112,6148.81
Forest_2657,Forest_2657.jpg,plot_210,159.5049,74.9673,0.9995,0.312,0.0155,6380.2
Forest_2658,Forest_2658.jpg,plot_210,154.106,72.4298,0.9651,0.3521,0.0182,6164.24
Forest_2659,Forest_2659.jpg,plot_210,153.6445,72.2129,1.0,0.3103,0.0099,6145.78
Forest_2660,Forest_2660.jpg,plot_210,165.7228,77.8897,0.9939,0.3396,0.0248,6628.91
Forest_2661,Forest_2661.jpg,plot_210,156.356,73.4873,0.9998,0.3475,0.0151,6254.24
Forest_2662,Forest_2662.jpg,plot_210,167.1268,78.5496,0.99,0.3707,0.017,6685.07
Forest_2663,Forest_2663.jpg,plot_210,151.894,71.3902,0.9983,0.2975,0.0076,6075.76
Forest_2664,Forest_2664.jpg,plot_210,163.437,76.8154,1.0,0.3558,0.0154,6537.48
Forest_2665,Forest_2665.jpg,plot_210,157.3957,73.976,1.0,0.3211,0.0142,6295.83
Forest_2666,Forest_2666.jpg,plot_210,162.3101,76.2858,1.0,0.3656,0.0091,6492.4
Forest_2677,Forest_2677.jpg,plot_212,158.0245,74.2715,0.969,0.2533,0.0121,6320.98
Forest_2678,Forest_2678.jpg,plot_212,158.3909,74.4437,0.9841,0.3028,0.0155,6335.64
Forest_2679,Forest_2679.jpg,plot_212,159.6379,75.0298,1.0,0.3416,0.0134,6385.52
Forest_2680,Forest_2680.jpg,plot_212,159.2799,74.8616,1.0,0.3603,0.0105,6371.2
Forest_2681,Forest_2681.jpg,plot_212,158.8132,74.6422,1.0,0.3153,0.0165,6352.53
Forest_2682,Forest_2682.jpg,plot_212,161.6064,75.955,0.978,0.3684,0.017,6464.26
Forest_2683,Forest_2683.jpg,plot_212,153.4942,72.1423,0.9963,0.3169,0.0135,6139.77
Forest_2684,Forest_2684.jpg,plot_212,155.694,73.1762,0.9497,0.3107,0.0152,6227.76
Forest_2685,Forest_2685.jpg,plot_212,162.6257,76.4341,1.0,0.3549,0.0116,6505.03
Forest_2686,Forest_2686.jpg,plot_212,167.628,78.7852,1.0,0.4211,0.0135,6705.12
Forest_2697,Forest_2697.jpg,plot_214,155.89,73.2683,0.9993,0.2774,0.0135,6235.6
Forest_2698,Forest_2698.jpg,plot_214,155.092,72.8932,0.9695,0.3122,0.0174,6203.68
Forest_2699,Forest_2699.jpg,plot_214,159.7107,75.064,1.0,0.3338,0.0131,6388.43
Forest_2700,Forest_2700.jpg,plot_214,157.7633,74.1488,0.9861,0.3126,0.0169,6310.53
Forest_2701,Forest_2701.jpg,plot_214,157.9453,74.2343,1.0,0.3246,0.014,6317.81
Forest_2702,Forest_2702.jpg,plot_214,164.505,77.3173,0.9976,0.328,0.0165,6580.2
Forest_2703,Forest_2703.jpg,plot_214,156.0615,73.3489,1.0,0.3597,0.0162,6242.46
Forest_2704,Forest_2704.jpg,plot_214,148.7871,69.9299,0.8806,0.3338,0.0451,5951.48
Forest_2705,Forest_2705.jpg,plot_214,157.0949,73.8346,0.9998,0.3124,0.0124,6283.8
Forest_2706,Forest_2706.jpg,plot_214,157.1286,73.8504,0.9744,0.3798,0.028,6285.14
Forest_2707,Forest_2707.jpg,plot_215,159.2341,74.84,0.9949,0.3275,0.0201,6369.36
Forest_2708,Forest_2708.jpg,plot_215,164.5366,77.3322,1.0,0.3295,0.0127,6581.46
Forest_2709,Forest_2709.jpg,plot_215,159.0278,74.7431,1.0,0.3379,0.0115,6361.11
Forest_2710,Forest_2710.jpg,plot_215,161.1002,75.7171,0.9983,0.3232,0.0212,6444.01
Forest_2711,Forest_2711.jpg,plot_215,161.1801,75.7546,0.9971,0.3615,0.032,6447.2
Forest_2712,Forest_2712.jpg,plot_215,154.0041,72.3819,0.998,0.2786,0.0171,6160.16
Forest_2713,Forest_2713.jpg,plot_215,156.6914,73.645,1.0,0.3215,0.0121,6267.66
Forest_2714,Forest_2714.jpg,plot_215,157.7194,74.1281,1.0,0.3396,0.0106,6308.78
Forest_2715,Forest_2715.jpg,plot_215,166.4595,78.236,1.0,0.3634,0.0164,6658.38
Forest_2716,Forest_2716.jpg,plot_215,163.528,76.8582,0.9988,0.3574,0.017,6541.12
Forest_2717,Forest_2717.jpg,plot_216,164.2452,77.1952,0.9983,0.3641,0.0403,6569.81
Forest_2718,Forest_2718.jpg,plot_216,157.6356,74.0887,1.0,0.2887,0.0159,6305.42
Forest_2719,Forest_2719.jpg,plot_216,159.5422,74.9848,0.9714,0.3531,0.0169,6381.69
Forest_2720,Forest_2720.jpg,plot_216,158.6936,74.586,1.0,0.2828,0.0093,6347.74
Forest_2721,Forest_2721.jpg,plot_216,163.8187,76.9948,0.9998,0.3237,0.0127,6552.75
Forest_2722,Forest_2722.jpg,plot_216,160.8434,75.5964,0.9724,0.4121,0.0262,6433.74
Forest_2723,Forest_2723.jpg,plot_216,152.0727,71.4742,0.9944,0.2897,0.011,6082.91
Forest_2724,Forest_2724.jpg,plot_216,147.8067,69.4691,0.9795,0.287,0.0083,5912.27
Forest_2725,Forest_2725.jpg,plot_216,159.9406,75.1721,1.0,0.3588,0.013,6397.62
Forest_2726,Forest_2726.jpg,plot_216,156.3559,73.4873,0.9956,0.277,0.013,6254.24
Forest_2737,Forest_2737.jpg,plot_218,158.5773,74.5313,0.9963,0.3051,0.023,6343.09
Forest_2738,Forest_2738.jpg,plot_218,155.1442,72.9178,0.9976,0.2908,0.015,6205.77
Forest_2739,Forest_2739.jpg,plot_218,155.4582,73.0654,0.9695,0.2992,0.0256,6218.33
Forest_2740,Forest_2740.jpg,plot_218,163.4565,76.8246,0.9871,0.2929,0.0286,6538.26
Forest_2741,Forest_2741.jpg,plot_218,147.0873,69.131,1.0,0.283,0.0097,5883.49
Forest_2742,Forest_2742.jpg,plot_218,167.0789,78.5271,1.0,0.386,0.0097,6683.16
Forest_2743,Forest_2743.jpg,plot_218,149.8691,70.4385,0.9771,0.2887,0.0197,5994.76
Forest_2744,Forest_2744.jpg,plot_218,158.6254,74.554,0.9983,0.3335,0.0157,6345.02
Forest_2745,Forest_2745.jpg,plot_218,154.9964,72.8483,0.9583,0.3249,0.0259,6199.86
Forest_2746,Forest_2746.jpg,plot_218,163.6654,76.9228,1.0,0.3483,0.0189,6546.62
Forest_2747,Forest_2747.jpg,plot_219,151.863,71.3756,0.9978,0.3082,0.0145,6074.52
Forest_2748,Forest_2748.jpg,plot_219,160.4596,75.416,1.0,0.3316,0.0127,6418.38
Forest_2749,Forest_2749.jpg,plot_219,168.4081,79.1518,1.0,0.3843,0.0087,6736.32
Forest_2750,Forest_2750.jpg,plot_219,151.934,71.409,0.9985,0.3006,0.0132,6077.36
Forest_2751,Forest_2751.jpg,plot_219,160.6845,75.5217,0.9988,0.3483,0.0135,6427.38
Forest_2752,Forest_2752.jpg,plot_219,153.815,72.2931,1.0,0.2957,0.0115,6152.6
Forest_2753,Forest_2753.jpg,plot_219,161.8644,76.0763,1.0,0.3551,0.0125,6474.58
Forest_2754,Forest_2754.jpg,plot_219,158.0479,74.2825,1.0,0.3237,0.0114,6321.92
Forest_2755,Forest_2755.jpg,plot_219,157.3171,73.939,0.998,0.3499,0.0117,6292.68
Forest_2756,Forest_2756.jpg,plot_219,164.1859,77.1674,1.0,0.3709,0.0164,6567.44
Forest_2757,Forest_2757.jpg,plot_220,162.4698,76.3608,0.9788,0.3162,0.0166,6498.79
Forest_2758,Forest_2758.jpg,plot_220,159.5226,74.9756,0.9995,0.3447,0.0147,6380.9
Forest_2759,Forest_2759.jpg,plot_220,160.4604,75.4164,1.0,0.3143,0.0137,6418.42
Forest_2760,Forest_2760.jpg,plot_220,157.0875,73.8311,1.0,0.3587,0.0162,6283.5
Forest_2761,Forest_2761.jpg,plot_220,157.9216,74.2232,0.9875,0.3645,0.0194,6316.86
Forest_2762,Forest_2762.jpg,plot_220,157.9609,74.2416,1.0,0.2869,0.0145,6318.44
Forest_2763,Forest_2763.jpg,plot_220,163.5968,76.8905,0.9968,0.3417,0.0099,6543.87
Forest_2764,Forest_2764.jpg,plot_220,151.7934,71.3429,0.9712,0.2538,0.0148,6071.74
Forest_2765,Forest_2765.jpg,plot_220,161.4878,75.8993,0.9976,0.3789,0.0159,6459.51
Forest_2766,Forest_2766.jpg,plot_220,160.6818,75.5205,1.0,0.3532,0.0141,6427.27
Forest_2777,Forest_2777.jpg,plot_222,152.8523,71.8406,0.9561,0.336,0.0144,6114.09
Forest_2778,Forest_2778.jpg,plot_222,155.2707,72.9772,1.0,0.2985,0.0162,6210.83
Forest_2779,Forest_2779.jpg,plot_222,157.782,74.1575,0.9897,0.3021,0.0111,6311.28
Forest_2780,Forest_2780.jpg,plot_222,152.0335,71.4557,0.9929,0.2739,0.0071,6081.34
Forest_2781,Forest_2781.jpg,plot_222,156.5508,73.5789,1.0,0.3402,0.0104,6262.03
Forest_2782,Forest_2782.jpg,plot_222,163.403,76.7994,1.0,0.3121,0.0175,6536.12
Forest_2783,Forest_2783.jpg,plot_222,174.9086,82.207,0.9998,0.4177,0.0322,6996.34
Forest_2784,Forest_2784.jpg,plot_222,158.106,74.3098,0.9998,0.3333,0.0176,6324.24
Forest_2785,Forest_2785.jpg,plot_222,98.4275,46.2609,0.644,0.1784,0.0109,3937.1
Forest_2786,Forest_2786.jpg,plot_222,160.6761,75.5178,1.0,0.3038,0.0134,6427.04
Forest_2807,Forest_2807.jpg,plot_225,159.2085,74.828,0.9951,0.3236,0.0202,6368.34
Forest_2808,Forest_2808.jpg,plot_225,157.4026,73.9792,0.9131,0.3521,0.0239,6296.1
Forest_2809,Forest_2809.jpg,plot_225,156.1477,73.3894,1.0,0.3422,0.019,6245.91
Forest_2810,Forest_2810.jpg,plot_225,158.2645,74.3843,0.9995,0.3031,0.0183,6330.58
Forest_2811,Forest_2811.jpg,plot_225,151.1553,71.043,1.0,0.2981,0.0086,6046.21
Forest_2812,Forest_2812.jpg,plot_225,156.2822,73.4526,1.0,0.2913,0.0083,6251.29
Forest_2813,Forest_2813.jpg,plot_225,163.0628,76.6395,0.9983,0.3491,0.0132,6522.51
Forest_2814,Forest_2814.jpg,plot_225,155.3943,73.0353,1.0,0.3119,0.0101,6215.77
Forest_2815,Forest_2815.jpg,plot_225,150.885,70.9159,0.9958,0.3362,0.0179,6035.4
Forest_2816,Forest_2816.jpg,plot_225,160.1211,75.2569,1.0,0.3407,0.0126,6404.84
Forest_2817,Forest_2817.jpg,plot_226,172.5639,81.105,0.9915,0.4247,0.0384,6902.56
Forest_2818,Forest_2818.jpg,plot_226,155.1351,72.9135,0.9944,0.2655,0.0127,6205.4
Forest_2819,Forest_2819.jpg,plot_226,165.2319,77.659,1.0,0.3535,0.0149,6609.28
Forest_2820,Forest_2820.jpg,plot_226,156.3957,73.506,0.9998,0.3474,0.0137,6255.83
Forest_2821,Forest_2821.jpg,plot_226,153.7772,72.2753,0.9561,0.2938,0.015,6151.09
Forest_2822,Forest_2822.jpg,plot_226,166.9581,78.4703,1.0,0.3804,0.0151,6678.32
Forest_2823,Forest_2823.jpg,plot_226,150.3409,70.6602,0.9624,0.3153,0.0267,6013.64
Forest_2824,Forest_2824.jpg,plot_226,157.1299,73.8511,0.9971,0.3052,0.01,6285.2
Forest_2825,Forest_2825.jpg,plot_226,152.3225,71.5916,1.0,0.2722,0.0096,6092.9
Forest_2826,Forest_2826.jpg,plot_226,160.5813,75.4732,1.0,0.3564,0.014,6423.25
Forest_2827,Forest_2827.jpg,plot_227,164.5077,77.3186,0.9617,0.3709,0.0383,6580.31
Forest_2828,Forest_2828.jpg,plot_227,161.0019,75.6709,0.9985,0.3611,0.0205,6440.08
Forest_2829,Forest_2829.jpg,plot_227,162.8638,76.546,1.0,0.419,0.0145,6514.55
Forest_2830,Forest_2830.jpg,plot_227,160.9509,75.6469,1.0,0.3538,0.0145,6438.04
Forest_2831,Forest_2831.jpg,plot_227,156.0298,73.334,0.9976,0.3086,0.0237,6241.19
Forest_2832,Forest_2832.jpg,plot_227,152.5825,71.7138,1.0,0.2955,0.0125,6103.3
Forest_2833,Forest_2833.jpg,plot_227,158.2504,74.3777,1.0,0.2957,0.0105,6330.02
Forest_2834,Forest_2834.jpg,plot_227,153.6437,72.2126,0.9993,0.3277,0.0095,6145.75
Forest_2835,Forest_2835.jpg,plot_227,161.1255,75.729,1.0,0.3375,0.011,6445.02
Forest_2836,Forest_2836.jpg,plot_227,157.9813,74.2512,0.9968,0.295,0.0141,6319.25
Forest_2837,Forest_2837.jpg,plot_228,148.19,69.6493,1.0,0.2771,0.0089,5927.6
Forest_2838,Forest_2838.jpg,plot_228,154.8459,72.7776,1.0,0.3188,0.0097,6193.84
Forest_2839,Forest_2839.jpg,plot_228,163.6938,76.9361,1.0,0.3479,0.0111,6547.75
Forest_2840,Forest_2840.jpg,plot_228,155.5803,73.1227,1.0,0.3427,0.0105,6223.21
Forest_2841,Forest_2841.jpg,plot_228,160.2827,75.3328,0.9998,0.3416,0.0219,6411.31
Forest_2842,Forest_2842.jpg,plot_228,160.7569,75.5557,1.0,0.3333,0.0134,6430.28
Forest_2843,Forest_2843.jpg,plot_228,159.0845,74.7697,1.0,0.2945,0.0126,6363.38
Forest_2844,Forest_2844.jpg,plot_228,158.6736,74.5766,0.999,0.3268,0.0171,6346.94
Forest_2845,Forest_2845.jpg,plot_228,156.9133,73.7492,1.0,0.3333,0.0128,6276.53
Forest_2846,Forest_2846.jpg,plot_228,161.752,76.0235,1.0,0.3094,0.0104,6470.08
Forest_2847,Forest_2847.jpg,plot_229,164.5792,77.3522,1.0,0.3385,0.0096,6583.17
Forest_2848,Forest_2848.jpg,plot_229,157.2407,73.9031,1.0,0.2569,0.0126,6289.63
Forest_2849,Forest_2849.jpg,plot_229,140.3668,65.9724,0.8694,0.2685,0.0201,5614.67
Forest_2850,Forest_2850.jpg,plot_229,91.7432,43.1193,0.5076,0.2223,0.0333,3669.73
Forest_2851,Forest_2851.jpg,plot_229,161.4093,75.8624,0.9998,0.4051,0.0147,6456.37
Forest_2852,Forest_2852.jpg,plot_229,161.0844,75.7096,1.0,0.33,0.0147,6443.38
Forest_2853,Forest_2853.jpg,plot_229,158.6626,74.5714,1.0,0.3065,0.0128,6346.5
Forest_2854,Forest_2854.jpg,plot_229,165.049,77.573,0.998,0.3319,0.0185,6601.96
Forest_2855,Forest_2855.jpg,plot_229,165.317,77.699,1.0,0.3511,0.0236,6612.68
Forest_2856,Forest_2856.jpg,plot_229,149.1839,70.1164,1.0,0.2729,0.0109,5967.36
Forest_2857,Forest_2857.jpg,plot_230,159.4995,74.9647,1.0,0.2887,0.0121,6379.98
Forest_2858,Forest_2858.jpg,plot_230,156.0829,73.359,1.0,0.3356,0.0144,6243.32
Forest_2859,Forest_2859.jpg,plot_230,155.6702,73.165,1.0,0.3171,0.0094,6226.81
Forest_2860,Forest_2860.jpg,plot_230,159.0196,74.7392,0.9988,0.3298,0.011,6360.78
Forest_2861,Forest_2861.jpg,plot_230,168.1686,79.0393,0.9985,0.3355,0.0213,6726.74
Forest_2862,Forest_2862.jpg,plot_230,169.0924,79.4734,1.0,0.3186,0.0136,6763.7
Forest_2863,Forest_2863.jpg,plot_230,158.2617,74.383,1.0,0.3038,0.0094,6330.47
Forest_2864,Forest_2864.jpg,plot_230,158.0937,74.3041,1.0,0.3257,0.0138,6323.75
Forest_2865,Forest_2865.jpg,plot_230,162.8319,76.531,0.9993,0.3566,0.0147,6513.28
Forest_2866,Forest_2866.jpg,plot_230,163.0575,76.637,1.0,0.339,0.015,6522.3
Forest_2867,Forest_2867.jpg,plot_231,156.3976,73.5069,1.0,0.3034,0.0149,6255.9
Forest_2868,Forest_2868.jpg,plot_231,162.6452,76.4432,0.9995,0.287,0.0149,6505.81
Forest_2869,Forest_2869.jpg,plot_231,161.6129,75.958,1.0,0.3394,0.0182,6464.52
Forest_2870,Forest_2870.jpg,plot_231,161.519,75.9139,1.0,0.3389,0.0144,6460.76
Forest_2871,Forest_2871.jpg,plot_231,163.0953,76.6548,1.0,0.3537,0.0143,6523.81
Forest_2872,Forest_2872.jpg,plot_231,161.7089,76.0032,1.0,0.3534,0.0124,6468.36
Forest_2873,Forest_2873.jpg,plot_231,166.6053,78.3045,0.9995,0.3818,0.0183,6664.21
Forest_2874,Forest_2874.jpg,plot_231,159.9251,75.1648,1.0,0.3649,0.0164,6397.0
Forest_2875,Forest_2875.jpg,plot_231,159.8184,75.1147,1.0,0.3425,0.021,6392.74
Forest_2876,Forest_2876.jpg,plot_231,155.3086,72.995,0.9771,0.3667,0.0158,6212.34
Forest_2877,Forest_2877.jpg,plot_232,155.5166,73.0928,0.9983,0.2617,0.0128,6220.66
Forest_2878,Forest_2878.jpg,plot_232,158.1367,74.3242,0.9949,0.3032,0.0092,6325.47
Forest_2879,Forest_2879.jpg,plot_232,162.5788,76.412,0.9995,0.3332,0.0207,6503.15
Forest_2880,Forest_2880.jpg,plot_232,165.3635,77.7208,1.0,0.3216,0.0178,6614.54
Forest_2881,Forest_2881.jpg,plot_232,161.0717,75.7037,1.0,0.3551,0.0152,6442.87
Forest_2882,Forest_2882.jpg,plot_232,161.0646,75.7004,1.0,0.3296,0.0127,6442.58
Forest_2883,Forest_2883.jpg,plot_232,154.1893,72.469,1.0,0.3262,0.0109,6167.57
Forest_2884,Forest_2884.jpg,plot_232,154.5276,72.628,0.9954,0.2778,0.0175,6181.1
Forest_2885,Forest_2885.jpg,plot_232,161.0258,75.6821,0.9966,0.3228,0.0156,6441.03
Forest_2886,Forest_2886.jpg,plot_232,163.6368,76.9093,1.0,0.3646,0.0112,6545.47
Forest_2887,Forest_2887.jpg,plot_233,161.3697,75.8437,1.0,0.3747,0.0151,6454.79
Forest_2888,Forest_2888.jpg,plot_233,155.4511,73.062,0.9856,0.2842,0.02,6218.04
Forest_2889,Forest_2889.jpg,plot_233,154.9973,72.8487,0.991,0.3252,0.0244,6199.89
Forest_2890,Forest_2890.jpg,plot_233,155.5177,73.0933,0.9988,0.3157,0.0094,6220.71
Forest_2891,Forest_2891.jpg,plot_233,159.2408,74.8432,0.9995,0.3102,0.008,6369.63
Forest_2892,Forest_2892.jpg,plot_233,163.952,77.0574,0.9929,0.3724,0.0173,6558.08
Forest_2893,Forest_2893.jpg,plot_233,164.294,77.2182,1.0,0.3559,0.0205,6571.76
Forest_2894,Forest_2894.jpg,plot_233,153.3737,72.0856,0.9546,0.295,0.0227,6134.95
Forest_2895,Forest_2895.jpg,plot_233,155.4125,73.0439,0.9998,0.2963,0.0086,6216.5
Forest_2896,Forest_2896.jpg,plot_233,155.3925,73.0345,0.9939,0.3207,0.014,6215.7
Forest_2907,Forest_2907.jpg,plot_235,163.8398,77.0047,1.0,0.339,0.0157,6553.59
Forest_2908,Forest_2908.jpg,plot_235,159.6029,75.0134,0.9978,0.2982,0.017,6384.12
Forest_2909,Forest_2909.jpg,plot_235,153.8047,72.2882,0.991,0.2477,0.01,6152.19
Forest_2910,Forest_2910.jpg,plot_235,157.9606,74.2415,1.0,0.3583,0.0206,6318.42
Forest_2911,Forest_2911.jpg,plot_235,158.8478,74.6585,1.0,0.286,0.0081,6353.91
Forest_2912,Forest_2912.jpg,plot_235,161.2083,75.7679,0.9968,0.3604,0.0123,6448.33
Forest_2913,Forest_2913.jpg,plot_235,153.5122,72.1507,1.0,0.2828,0.0097,6140.49
Forest_2914,Forest_2914.jpg,plot_235,161.1594,75.7449,0.9985,0.3406,0.018,6446.38
Forest_2915,Forest_2915.jpg,plot_235,152.6305,71.7363,0.9836,0.36,0.0132,6105.22
Forest_2916,Forest_2916.jpg,plot_235,162.564,76.4051,1.0,0.3689,0.0119,6502.56
Forest_2937,Forest_2937.jpg,plot_238,153.621,72.2019,0.9993,0.3153,0.0101,6144.84
Forest_2938,Forest_2938.jpg,plot_238,159.5055,74.9676,1.0,0.3432,0.025,6380.22
Forest_2939,Forest_2939.jpg,plot_238,161.5511,75.929,1.0,0.3563,0.0121,6462.04
Forest_2940,Forest_2940.jpg,plot_238,159.3852,74.911,0.9993,0.3289,0.0164,6375.41
Forest_2941,Forest_2941.jpg,plot_238,156.746,73.6706,0.9963,0.2897,0.0168,6269.84
Forest_2942,Forest_2942.jpg,plot_238,159.3192,74.88,0.9993,0.3609,0.0174,6372.77
Forest_2943,Forest_2943.jpg,plot_238,159.1928,74.8206,1.0,0.3405,0.0148,6367.71
Forest_2944,Forest_2944.jpg,plot_238,157.4607,74.0065,1.0,0.3505,0.0149,6298.43
Forest_2945,Forest_2945.jpg,plot_238,173.4603,81.5263,0.9766,0.4078,0.0477,6938.41
Forest_2946,Forest_2946.jpg,plot_238,156.8268,73.7086,0.9895,0.2791,0.0095,6273.07
Forest_2947,Forest_2947.jpg,plot_239,152.2927,71.5776,0.9902,0.3443,0.0137,6091.71
Forest_2948,Forest_2948.jpg,plot_239,152.3524,71.6056,0.9873,0.3095,0.012,6094.1
Forest_2949,Forest_2949.jpg,plot_239,155.9059,73.2758,1.0,0.3665,0.0125,6236.24
Forest_2950,Forest_2950.jpg,plot_239,157.9252,74.2249,0.9995,0.3289,0.0188,6317.01
Forest_2951,Forest_2951.jpg,plot_239,161.0268,75.6826,1.0,0.3661,0.0133,6441.07
Forest_2952,Forest_2952.jpg,plot_239,151.438,71.1759,0.9998,0.2935,0.0137,6057.52
Forest_2953,Forest_2953.jpg,plot_239,155.0202,72.8595,1.0,0.3162,0.0144,6200.81
Forest_2954,Forest_2954.jpg,plot_239,154.0483,72.4027,0.9949,0.3169,0.014,6161.93
Forest_2955,Forest_2955.jpg,plot_239,158.7346,74.6053,0.9988,0.32,0.013,6349.38
Forest_2956,Forest_2956.jpg,plot_239,158.0522,74.2845,1.0,0.2979,0.0175,6322.09
Forest_2997,Forest_2997.jpg,plot_244,168.9974,79.4288,0.998,0.3576,0.0222,6759.9
Forest_2998,Forest_2998.jpg,plot_244,160.6635,75.5118,0.9978,0.2695,0.0183,6426.54
Forest_2999,Forest_2999.jpg,plot_244,154.6743,72.6969,0.9954,0.3299,0.0167,6186.97
Forest_3000,Forest_3000.jpg,plot_244,163.4497,76.8213,1.0,0.3797,0.0088,6537.99
